,Territory,Territory Code,Language,Language Code,Pop.%,population
0,Afghanistan,AF,Persian,fa,50.0,42647492.0
1,Afghanistan,AF,Pashto,ps,43.0,42647492.0
2,Afghanistan,AF,Hazaragi,haz,5.9,42647492.0
3,Afghanistan,AF,Uzbek (Arabic),uz_Arab,4.7,42647492.0
4,Afghanistan,AF,Turkmen,tk,1.7,42647492.0
5,Afghanistan,AF,Parsi-Dari,prd,1.2,42647492.0
6,Afghanistan,AF,Western Balochi,bgn,0.63,42647492.0
7,Afghanistan,AF,Kara-Kalpak,kaa,0.0084,42647492.0
8,Afghanistan,AF,Uyghur,ug,0.0075,42647492.0
9,Afghanistan,AF,Kazakh (Arabic),kk_Arab,0.005,42647492.0
10,Åland Islands,AX,Swedish,sv,99.0,
11,Albania,AL,Albanian,sq,100.0,2714617.0
12,Albania,AL,Greek,el,1.9,2714617.0
13,Albania,AL,Macedonian,mk,0.47,2714617.0
14,Algeria,DZ,Algerian Arabic,arq,83.0,46814308.0
15,Algeria,DZ,Arabic,ar,74.0,46814308.0
16,Algeria,DZ,French,fr,33.0,46814308.0
17,Algeria,DZ,Kabyle,kab,7.8,46814308.0
18,Algeria,DZ,English,en,7.0,46814308.0
19,American Samoa,AS,Samoan,sm,99.0,46765.0
20,American Samoa,AS,English,en,97.0,46765.0
21,Andorra,AD,Catalan,ca,51.0,81938.0
22,Andorra,AD,Spanish,es,43.0,81938.0
23,Andorra,AD,French,fr,6.8,81938.0
24,Angola,AO,Portuguese,pt,67.0,37885849.0
25,Angola,AO,Umbundu,umb,29.0,37885849.0
26,Angola,AO,Kimbundu,kmb,25.0,37885849.0
27,Angola,AO,Lingala,ln,0.67,37885849.0
28,Anguilla,AI,English,en,95.0,
29,Antarctica,AQ,Unknown language,und,100.0,
30,Antigua & Barbuda,AG,English,en,86.0,93772.0
31,Antigua & Barbuda,AG,Portuguese,pt,1.6,93772.0
32,Argentina,AR,Spanish,es,100.0,45696159.0
33,Argentina,AR,English,en,7.0,45696159.0
34,Argentina,AR,Welsh,cy,0.066,45696159.0
35,Argentina,AR,Guarani,gn,0.047,45696159.0
36,Armenia,AM,Armenian,hy,98.0,3033500.0
37,Armenia,AM,Kurdish,ku,3.3,3033500.0
38,Armenia,AM,Azeri,az,0.0,3033500.0
39,Aruba,AW,Dutch,nl,97.0,107624.0
40,Aruba,AW,Papiamento,pap,61.0,107624.0
41,Aruba,AW,English,en,2.4,107624.0
42,Ascension Island,AC,English,en,99.0,
43,Australia,AU,English,en,96.0,27204809.0
44,Australia,AU,Chinese (Traditional),zh_Hant,2.1,27204809.0
45,Australia,AU,Italian,it,1.9,27204809.0
46,Australia,AU,Warlpiri,wbp,0.0093,27204809.0
47,Australia,AU,Hmong Njua,hnj,0.0082,27204809.0
48,Austria,AT,German,de,97.0,9178482.0
49,Austria,AT,Bavarian,bar,95.0,9178482.0
50,Austria,AT,English,en,73.0,9178482.0
51,Austria,AT,French,fr,13.0,9178482.0
52,Austria,AT,Italian,it,9.0,9178482.0
53,Austria,AT,Croatian,hr,1.2,9178482.0
54,Austria,AT,Slovenian,sl,0.37,9178482.0
55,Austria,AT,Hungarian,hu,0.26,9178482.0
56,Azerbaijan,AZ,Azeri,az,89.0,10202850.0
57,Azerbaijan,AZ,Azeri (Cyrillic),az_Cyrl,9.9,10202850.0
58,Azerbaijan,AZ,Talysh,tly,9.8,10202850.0
59,Azerbaijan,AZ,Kurdish,ku,0.24,10202850.0
60,Azerbaijan,AZ,Muslim Tat,ttt,0.22,10202850.0
61,Azerbaijan,AZ,Tsakhur,tkr,0.16,10202850.0
62,Territory,Code,Language,Code,,
63,Bahamas,BS,English,en,100.0,401283.0
64,Bahrain,BH,Arabic,ar,87.0,1588670.0
65,Bahrain,BH,Malayalam,ml,3.3,1588670.0
66,Bangladesh,BD,Bangla,bn,98.0,173562364.0
67,Bangladesh,BD,English,en,18.0,173562364.0
68,Bangladesh,BD,Rangpuri,rkt,6.5,173562364.0
69,Bangladesh,BD,Sylheti,syl,5.0,173562364.0
70,Bangladesh,BD,Rohingya,rhg,0.53,173562364.0
71,Bangladesh,BD,Chakma,ccp,0.22,173562364.0
72,Bangladesh,BD,Burmese,my,0.21,173562364.0
73,Bangladesh,BD,Garo,grt,0.073,173562364.0
74,Bangladesh,BD,Mru,mro,0.018,173562364.0
75,Bangladesh,BD,Manipuri,mni,0.011,173562364.0
76,Barbados,BB,English,en,100.0,282467.0
77,Belarus,BY,Belarusian,be,100.0,9133712.0
78,Belarus,BY,Russian,ru,12.0,9133712.0
79,Belgium,BE,English,en,59.0,11876844.0
80,Belgium,BE,Dutch,nl,55.0,11876844.0
81,Belgium,BE,French,fr,38.0,11876844.0
82,Belgium,BE,German,de,22.0,11876844.0
83,Belgium,BE,West Flemish,vls,10.0,11876844.0
84,Belgium,BE,Walloon,wa,5.8,11876844.0
85,Belize,BZ,English,en,100.0,417072.0
86,Belize,BZ,Spanish,es,28.0,417072.0
87,Benin,BJ,French,fr,34.0,14462724.0
88,Benin,BJ,Fon,fon,25.0,14462724.0
89,Benin,BJ,Yoruba,yo,6.7,14462724.0
90,Benin,BJ,Anii,blo,0.3,14462724.0
91,Bermuda,BM,English,en,92.0,64636.0
92,Bhutan,BT,Dzongkha,dz,47.0,791524.0
93,Bhutan,BT,Nepali,ne,17.0,791524.0
94,Bhutan,BT,Tshangla,tsj,15.0,791524.0
95,Bhutan,BT,English,en,11.0,791524.0
96,Bhutan,BT,Lepcha,lep,3.9,791524.0
97,Bolivia,BO,Spanish,es,61.0,12413315.0
98,Bolivia,BO,Quechua,qu,32.0,12413315.0
99,Bolivia,BO,Aymara,ay,20.0,12413315.0
100,Bolivia,BO,Guarani,gn,0.45,12413315.0
101,Bolivia,BO,Araona,aro,0.0009,12413315.0
102,Bosnia & Herzegovina,BA,Bosnian,bs,99.0,3164253.0
103,Bosnia & Herzegovina,BA,Bosnian (Cyrillic),bs_Cyrl,99.0,3164253.0
104,Bosnia & Herzegovina,BA,English,en,45.0,3164253.0
105,Bosnia & Herzegovina,BA,Croatian,hr,12.0,3164253.0
106,Bosnia & Herzegovina,BA,Serbian,sr,10.0,3164253.0
107,Bosnia & Herzegovina,BA,Serbian (Latin),sr_Latn,10.0,3164253.0
108,Botswana,BW,English,en,81.0,2521139.0
109,Botswana,BW,Tswana,tn,62.0,2521139.0
110,Botswana,BW,Afrikaans,af,0.24,2521139.0
111,Bouvet Island,BV,Norwegian,no,100.0,
112,Brazil,BR,Portuguese,pt,91.0,211998573.0
113,Brazil,BR,English,en,8.0,211998573.0
114,Brazil,BR,German,de,0.84,211998573.0
115,Brazil,BR,Italian,it,0.28,211998573.0
116,Brazil,BR,Venetian,vec,0.24,211998573.0
117,Brazil,BR,Japanese,ja,0.21,211998573.0
118,Brazil,BR,Spanish,es,0.036,211998573.0
119,Brazil,BR,Kaingang,kgp,0.024,211998573.0
120,Brazil,BR,Korean,ko,0.021,211998573.0
121,Brazil,BR,Nheengatu,yrl,0.01,211998573.0
122,Brazil,BR,Guajajára,gub,0.0084,211998573.0
123,Brazil,BR,Xavánte,xav,0.0045,211998573.0
124,British Indian Ocean Territory,IO,English,en,100.0,
125,British Virgin Islands,VG,English,en,98.0,39471.0
126,Brunei,BN,Malay,ms,93.0,462721.0
127,Brunei,BN,Chinese (Traditional),zh_Hant,11.0,462721.0
128,Brunei,BN,Malay (Arabic),ms_Arab,5.0,462721.0
129,Brunei,BN,English,en,1.6,462721.0
130,Bulgaria,BG,Bulgarian,bg,100.0,6444366.0
131,Bulgaria,BG,English,en,25.0,6444366.0
132,Bulgaria,BG,Russian,ru,23.0,6444366.0
133,Bulgaria,BG,Turkish,tr,11.0,6444366.0
134,Bulgaria,BG,German,de,8.0,6444366.0
135,Burkina Faso,BF,Mossi,mos,40.0,23548781.0
136,Burkina Faso,BF,Dyula,dyu,32.0,23548781.0
137,Burkina Faso,BF,French,fr,25.0,23548781.0
138,Burkina Faso,BF,Fula,ff,0.0,23548781.0
139,Burkina Faso,BF,Fula (Adlam),ff_Adlm,0.0,23548781.0
140,Burundi,BI,Rundi,rn,63.0,14047786.0
141,Burundi,BI,French,fr,59.0,14047786.0
142,Burundi,BI,Swahili,sw,0.047,14047786.0
143,Burundi,BI,English,en,0.046,14047786.0
144,Territory,Code,Language,Code,,
145,Cambodia,KH,Khmer,km,89.0,17638801.0
146,Cambodia,KH,Western Cham,cja,1.6,17638801.0
147,Cambodia,KH,Kuy,kdt,0.11,17638801.0
148,Cameroon,CM,French,fr,68.0,29123744.0
149,Cameroon,CM,English,en,38.0,29123744.0
150,Cameroon,CM,Bulu,bum,4.6,29123744.0
151,Cameroon,CM,Fula,ff,3.6,29123744.0
152,Cameroon,CM,Ewondo,ewo,3.1,29123744.0
153,Cameroon,CM,Yemba,ybb,1.6,29123744.0
154,Cameroon,CM,Ghomala,bbj,1.4,29123744.0
155,Cameroon,CM,Ngiemboon,nnh,1.4,29123744.0
156,Cameroon,CM,Kom,bkm,1.3,29123744.0
157,Cameroon,CM,Basaa,bas,1.2,29123744.0
158,Cameroon,CM,Bamun,bax,1.2,29123744.0
159,Cameroon,CM,Medumba,byv,1.1,29123744.0
160,Cameroon,CM,Mundang,mua,1.0,29123744.0
161,Cameroon,CM,Mafa,maf,0.74,29123744.0
162,Cameroon,CM,Bafut,bfd,0.57,29123744.0
163,Cameroon,CM,Akoose,bss,0.54,29123744.0
164,Cameroon,CM,Kako,kkj,0.54,29123744.0
165,Cameroon,CM,Duala,dua,0.48,29123744.0
166,Cameroon,CM,Metaʼ,mgo,0.47,29123744.0
167,Cameroon,CM,Arabic,ar,0.39,29123744.0
168,Cameroon,CM,Ngomba,jgo,0.34,29123744.0
169,Cameroon,CM,Bafia,ksf,0.32,29123744.0
170,Cameroon,CM,Kenyang,ken,0.25,29123744.0
171,Cameroon,CM,Aghem,agq,0.14,29123744.0
172,Cameroon,CM,Hausa (Arabic),ha_Arab,0.14,29123744.0
173,Cameroon,CM,Kwasio,nmg,0.029,29123744.0
174,Cameroon,CM,Yangben,yav,0.0074,29123744.0
175,Cameroon,CM,Fula (Adlam),ff_Adlm,0.0,29123744.0
176,Canada,CA,English,en,87.0,41288599.0
177,Canada,CA,French,fr,29.0,41288599.0
178,Canada,CA,Spanish,es,3.2,41288599.0
179,Canada,CA,Chinese,zh,2.7,41288599.0
180,Canada,CA,Punjabi,pa,2.6,41288599.0
181,Canada,CA,Arabic,ar,2.3,41288599.0
182,Canada,CA,Hindi,hi,2.1,41288599.0
183,Canada,CA,Filipino,fil,2.0,41288599.0
184,Canada,CA,Cantonese,yue,2.0,41288599.0
185,Canada,CA,Italian,it,1.5,41288599.0
186,Canada,CA,German,de,1.2,41288599.0
187,Canada,CA,Urdu,ur,1.1,41288599.0
188,Canada,CA,Portuguese,pt,0.93,41288599.0
189,Canada,CA,Russian,ru,0.85,41288599.0
190,Canada,CA,Tamil,ta,0.65,41288599.0
191,Canada,CA,Vietnamese,vi,0.64,41288599.0
192,Canada,CA,Persian,fa,0.61,41288599.0
193,Canada,CA,Gujarati,gu,0.58,41288599.0
194,Canada,CA,Korean,ko,0.56,41288599.0
195,Canada,CA,Polish,pl,0.56,41288599.0
196,Canada,CA,Greek,el,0.4,41288599.0
197,Canada,CA,Ukrainian,uk,0.36,41288599.0
198,Canada,CA,Bangla,bn,0.33,41288599.0
199,Canada,CA,Romanian,ro,0.32,41288599.0
200,Canada,CA,Dutch,nl,0.3,41288599.0
201,Canada,CA,Japanese,ja,0.27,41288599.0
202,Canada,CA,Serbian,sr,0.23,41288599.0
203,Canada,CA,Turkish,tr,0.22,41288599.0
204,Canada,CA,Croatian,hr,0.2,41288599.0
205,Canada,CA,Hungarian,hu,0.18,41288599.0
206,Canada,CA,Somali,so,0.16,41288599.0
207,Canada,CA,Inuktitut,iu,0.11,41288599.0
208,Canada,CA,Inuktitut (Latin),iu_Latn,0.11,41288599.0
209,Canada,CA,Plautdietsch,pdt,0.11,41288599.0
210,Canada,CA,Ojibwa,oj,0.072,41288599.0
211,Canada,CA,Oji-Cree,ojs,0.042,41288599.0
212,Canada,CA,Plains Cree,crk,0.033,41288599.0
213,Canada,CA,Chipewyan,chp,0.032,41288599.0
214,Canada,CA,Innu-aimun,moe,0.03,41288599.0
215,Canada,CA,Mi'kmaw,mic,0.024,41288599.0
216,Canada,CA,Atikamekw,atj,0.018,41288599.0
217,Canada,CA,Siksiká,bla,0.017,41288599.0
218,Canada,CA,Cree,cr,0.013,41288599.0
219,Canada,CA,Northern East Cree,crl,0.013,41288599.0
220,Canada,CA,Swampy Cree,csw,0.012,41288599.0
221,Canada,CA,Waray,war,0.012,41288599.0
222,Canada,CA,Western Ojibwa,ojw,0.0094,41288599.0
223,Canada,CA,Slave,den,0.006,41288599.0
224,Canada,CA,Dogrib,dgr,0.0055,41288599.0
225,Canada,CA,Michif,crg,0.0049,41288599.0
226,Canada,CA,Mohawk,moh,0.0041,41288599.0
227,Canada,CA,Dakota,dak,0.0039,41288599.0
228,Canada,CA,Halkomelem,hur,0.0036,41288599.0
229,Canada,CA,Naskapi,nsk,0.0027,41288599.0
230,Canada,CA,Chilcotin,clc,0.0022,41288599.0
231,Canada,CA,Kwakʼwala,kwk,0.0021,41288599.0
232,Canada,CA,Maliseet-Passamaquoddy,pqm,0.0021,41288599.0
233,Canada,CA,Okanagan,oka,0.0018,41288599.0
234,Canada,CA,Lillooet,lil,0.0015,41288599.0
235,Canada,CA,Gwichʼin,gwi,0.0008,41288599.0
236,Canary Islands,IC,Spanish,es,98.0,
237,Cape Verde,CV,Kabuverdianu,kea,91.0,524877.0
238,Cape Verde,CV,Portuguese,pt,76.0,524877.0
239,Caribbean Netherlands,BQ,Papiamento,pap,81.0,
240,Caribbean Netherlands,BQ,Dutch,nl,8.0,
241,Cayman Islands,KY,English,en,98.0,74457.0
242,Central African Republic,CF,Sango,sg,49.0,5330690.0
243,Central African Republic,CF,French,fr,29.0,5330690.0
244,Central African Republic,CF,Lingala,ln,0.24,5330690.0
245,Ceuta & Melilla,EA,Spanish,es,98.0,
246,Chad,TD,Arabic,ar,17.0,20299123.0
247,Chad,TD,French,fr,13.0,20299123.0
248,Chile,CL,Spanish,es,98.0,19764771.0
249,Chile,CL,English,en,9.5,19764771.0
250,Chile,CL,Mapuche,arn,1.5,19764771.0
251,China,CN,Chinese,zh,90.0,1408975000.0
252,China,CN,Wu Chinese,wuu,6.0,1408975000.0
253,China,CN,Cantonese,yue,5.2,1408975000.0
254,China,CN,Cantonese (Simplified),yue_Hans,5.2,1408975000.0
255,China,CN,Xiang Chinese,hsn,2.9,1408975000.0
256,China,CN,Hakka Chinese,hak,2.3,1408975000.0
257,China,CN,Min Nan Chinese,,1.9,1408975000.0
258,China,CN,Gan Chinese,gan,1.7,1408975000.0
259,China,CN,Sichuan Yi,ii,0.6,1408975000.0
260,China,CN,Uyghur,ug,0.55,1408975000.0
261,China,CN,Zhuang,za,0.31,1408975000.0
262,China,CN,Mongolian (Mongolian),mn_Mong,0.26,1408975000.0
263,China,CN,Tibetan,bo,0.2,1408975000.0
264,China,CN,Korean,ko,0.15,1408975000.0
265,China,CN,Kazakh (Arabic),kk_Arab,0.085,1408975000.0
266,China,CN,Lisu,lis,0.045,1408975000.0
267,China,CN,Kyrgyz (Arabic),ky_Arab,0.034,1408975000.0
268,China,CN,Naxi,nxq,0.024,1408975000.0
269,China,CN,Lü,khb,0.019,1408975000.0
270,China,CN,Tai Nüa,tdd,0.019,1408975000.0
271,China,CN,Western Lawa,lcp,0.0058,1408975000.0
272,China,CN,English,en,0.0045,1408975000.0
273,China,CN,Hmong Njua,hnj,0.004,1408975000.0
274,China,CN,Russian,ru,0.001,1408975000.0
275,China,CN,Vietnamese,vi,0.0005,1408975000.0
276,China,CN,Uzbek (Cyrillic),uz_Cyrl,0.0004,1408975000.0
277,China,CN,Literary Chinese,lzh,0.0,1408975000.0
278,Christmas Island,CX,English,en,83.0,
279,Clipperton Island,CP,Unknown language,und,100.0,
280,Cocos (Keeling) Islands,CC,Malay (Arabic),ms_Arab,84.0,
281,Cocos (Keeling) Islands,CC,English,en,17.0,
282,Colombia,CO,Spanish,es,93.0,52886363.0
283,Colombia,CO,Wayuu,guc,0.27,52886363.0
284,Colombia,CO,Nheengatu,yrl,0.006,52886363.0
285,Comoros,KM,Arabic,ar,66.0,866628.0
286,Comoros,KM,Ngazidja Comorian,zdj,37.0,866628.0
287,Comoros,KM,Ndzwani Comorian,wni,34.0,866628.0
288,Comoros,KM,French,fr,26.0,866628.0
289,Congo - Brazzaville,CG,French,fr,61.0,6332961.0
290,Congo - Brazzaville,CG,Lingala,ln,2.4,6332961.0
291,Congo - Kinshasa,CD,French,fr,51.0,109276265.0
292,Congo - Kinshasa,CD,Swahili,sw,50.0,109276265.0
293,Congo - Kinshasa,CD,Luba-Lulua,lua,9.6,109276265.0
294,Congo - Kinshasa,CD,Lingala,ln,3.1,109276265.0
295,Congo - Kinshasa,CD,Luba-Katanga,lu,2.3,109276265.0
296,Congo - Kinshasa,CD,Kongo,kg,1.5,109276265.0
297,Congo - Kinshasa,CD,Mongo,lol,0.61,109276265.0
298,Congo - Kinshasa,CD,Kinyarwanda,rw,0.38,109276265.0
299,Cook Islands,CK,English,en,100.0,
300,Costa Rica,CR,Spanish,es,95.0,5129910.0
301,Côte d’Ivoire,CI,French,fr,34.0,31934230.0
302,Côte d’Ivoire,CI,Baoulé,bci,11.0,31934230.0
303,Côte d’Ivoire,CI,Cebaara Senoufo,sef,4.3,31934230.0
304,Côte d’Ivoire,CI,Dan,dnj,4.0,31934230.0
305,Côte d’Ivoire,CI,Koro,kfo,0.23,31934230.0
306,Côte d’Ivoire,CI,Koro Wachi,bqv,0.17,31934230.0
307,Croatia,HR,Croatian,hr,99.0,3866300.0
308,Croatia,HR,English,en,49.0,3866300.0
309,Croatia,HR,Italian,it,1.6,3866300.0
310,Croatia,HR,Venetian,vec,0.7,3866300.0
311,Cuba,CU,Spanish,es,100.0,10979783.0
312,Curaçao,CW,Papiamento,pap,81.0,155900.0
313,Curaçao,CW,Dutch,nl,8.0,155900.0
314,Curaçao,CW,Spanish,es,3.7,155900.0
315,Cyprus,CY,Greek,el,95.0,1358282.0
316,Cyprus,CY,English,en,73.0,1358282.0
317,Cyprus,CY,Turkish,tr,23.0,1358282.0
318,Cyprus,CY,French,fr,6.6,1358282.0
319,Cyprus,CY,Armenian,hy,0.21,1358282.0
320,Cyprus,CY,Arabic,ar,0.098,1358282.0
321,Cyprus,CY,Eteocypriot,ecy,0.0001,1358282.0
322,Czechia,CZ,Czech,cs,98.0,10882164.0
323,Czechia,CZ,English,en,27.0,10882164.0
324,Czechia,CZ,Slovak,sk,16.0,10882164.0
325,Czechia,CZ,German,de,15.0,10882164.0
326,Czechia,CZ,Polish,pl,0.49,10882164.0
327,Territory,Code,Language,Code,,
328,Denmark,DK,Danish,da,93.0,5976992.0
329,Denmark,DK,English,en,86.0,5976992.0
330,Denmark,DK,German,de,47.0,5976992.0
331,Denmark,DK,Swedish,sv,13.0,5976992.0
332,Denmark,DK,Faroese,fo,0.38,5976992.0
333,Denmark,DK,Kalaallisut,kl,0.12,5976992.0
334,Denmark,DK,Jutish,jut,0.0,5976992.0
335,Diego Garcia,DG,English,en,99.0,
336,Djibouti,DJ,French,fr,50.0,1168722.0
337,Djibouti,DJ,Afar,aa,42.0,1168722.0
338,Djibouti,DJ,Somali,so,41.0,1168722.0
339,Djibouti,DJ,Arabic,ar,7.3,1168722.0
340,Dominica,DM,English,en,94.0,66205.0
341,Dominican Republic,DO,Spanish,es,78.0,11427557.0
342,Dominican Republic,DO,English,en,0.074,11427557.0
343,Territory,Code,Language,Code,,
344,Ecuador,EC,Spanish,es,96.0,18135478.0
345,Ecuador,EC,Quechua,qu,17.0,18135478.0
346,Ecuador,EC,Chimborazo Highland Quichua,qug,5.7,18135478.0
347,Egypt,EG,Arabic,ar,94.0,116538258.0
348,Egypt,EG,Egyptian Arabic,arz,64.0,116538258.0
349,Egypt,EG,English,en,35.0,116538258.0
350,Egypt,EG,Coptic,cop,6.0,116538258.0
351,Egypt,EG,Greek,el,0.061,116538258.0
352,El Salvador,SV,Spanish,es,89.0,6338193.0
353,El Salvador,SV,Cacaopera,ccr,0.056,6338193.0
354,El Salvador,SV,Pipil,ppl,0.041,6338193.0
355,El Salvador,SV,Lenca,len,0.02,6338193.0
356,Equatorial Guinea,GQ,Spanish,es,87.0,1892516.0
357,Equatorial Guinea,GQ,Fang,fan,51.0,1892516.0
358,Equatorial Guinea,GQ,French,fr,29.0,1892516.0
359,Equatorial Guinea,GQ,Bube,bvb,7.9,1892516.0
360,Equatorial Guinea,GQ,Portuguese,pt,0.0001,1892516.0
361,Eritrea,ER,Tigrinya,ti,60.0,3535603.0
362,Eritrea,ER,English,en,59.0,3535603.0
363,Eritrea,ER,Tigre,tig,18.0,3535603.0
364,Eritrea,ER,Arabic,ar,4.9,3535603.0
365,Eritrea,ER,Afar,aa,3.6,3535603.0
366,Eritrea,ER,Saho,ssy,3.6,3535603.0
367,Eritrea,ER,Blin,byn,1.3,3535603.0
368,Estonia,EE,Estonian,et,71.0,1371986.0
369,Estonia,EE,Russian,ru,56.0,1371986.0
370,Estonia,EE,English,en,50.0,1371986.0
371,Estonia,EE,Finnish,fi,21.0,1371986.0
372,Estonia,EE,Võro,vro,5.7,1371986.0
373,Estonia,EE,Interlingue,ie,0.0001,1371986.0
374,Eswatini,SZ,English,en,80.0,1242822.0
375,Eswatini,SZ,Swati,ss,58.0,1242822.0
376,Eswatini,SZ,Zulu,zu,6.8,1242822.0
377,Eswatini,SZ,Tsonga,ts,1.7,1242822.0
378,Ethiopia,ET,English,en,43.0,132059767.0
379,Ethiopia,ET,Amharic,am,33.0,132059767.0
380,Ethiopia,ET,Oromo,om,32.0,132059767.0
381,Ethiopia,ET,Somali,so,6.0,132059767.0
382,Ethiopia,ET,Tigrinya,ti,6.0,132059767.0
383,Ethiopia,ET,Sidamo,sid,3.5,132059767.0
384,Ethiopia,ET,Wolaytta,wal,1.8,132059767.0
385,Ethiopia,ET,Afar,aa,1.4,132059767.0
386,Ethiopia,ET,Geez,gez,0.0,132059767.0
387,Territory,Code,Language,Code,,
388,Falkland Islands,FK,English,en,77.0,
389,Faroe Islands,FO,Faroese,fo,95.0,54719.0
390,Fiji,FJ,English,en,94.0,928784.0
391,Fiji,FJ,Hindi,hi,44.0,928784.0
392,Fiji,FJ,Fiji Hindi,hif,41.0,928784.0
393,Fiji,FJ,Fijian,fj,39.0,928784.0
394,Fiji,FJ,Rotuman,rtm,0.26,928784.0
395,Finland,FI,Finnish,fi,94.0,5637214.0
396,Finland,FI,English,en,70.0,5637214.0
397,Finland,FI,Swedish,sv,44.0,5637214.0
398,Finland,FI,German,de,18.0,5637214.0
399,Finland,FI,Russian,ru,0.81,5637214.0
400,Finland,FI,Estonian,et,0.11,5637214.0
401,Finland,FI,Kalo Finnish Romani,rmf,0.089,5637214.0
402,Finland,FI,Northern Sami,se,0.036,5637214.0
403,Finland,FI,Inari Sami,smn,0.011,5637214.0
404,Finland,FI,Skolt Sami,sms,0.011,5637214.0
405,France,FR,French,fr,97.0,68516699.0
406,France,FR,English,en,39.0,68516699.0
407,France,FR,Spanish,es,13.0,68516699.0
408,France,FR,German,de,5.0,68516699.0
409,France,FR,Occitan,oc,3.0,68516699.0
410,France,FR,Italian,it,1.7,68516699.0
411,France,FR,Portuguese,pt,1.3,68516699.0
412,France,FR,Picard,pcd,1.1,68516699.0
413,France,FR,Swiss German,gsw,0.91,68516699.0
414,France,FR,Breton,br,0.83,68516699.0
415,France,FR,Corsican,co,0.24,68516699.0
416,France,FR,Hmong Njua,hnj,0.19,68516699.0
417,France,FR,Catalan,ca,0.17,68516699.0
418,France,FR,Basque,eu,0.13,68516699.0
419,France,FR,Dutch,nl,0.13,68516699.0
420,France,FR,Arpitan,frp,0.094,68516699.0
421,France,FR,Interlingua,ia,0.0002,68516699.0
422,French Guiana,GF,French,fr,62.0,
423,French Guiana,GF,Guianese Creole French,gcr,26.0,
424,French Guiana,GF,Chinese (Traditional),zh_Hant,2.5,
425,French Guiana,GF,Hmong Njua,hnj,2.4,
426,French Polynesia,PF,French,fr,98.0,281807.0
427,French Polynesia,PF,Tahitian,ty,31.0,281807.0
428,French Polynesia,PF,Chinese (Traditional),zh_Hant,7.8,281807.0
429,French Southern Territories,TF,French,fr,100.0,
430,Territory,Code,Language,Code,,
431,Gabon,GA,French,fr,63.0,2538952.0
432,Gabon,GA,Punu,puu,9.0,2538952.0
433,Gambia,GM,English,en,40.0,2759988.0
434,Gambia,GM,Mandingo,man,29.0,2759988.0
435,Gambia,GM,Mandingo (N’Ko),man_Nkoo,29.0,2759988.0
436,Gambia,GM,Fula,ff,0.0,2759988.0
437,Gambia,GM,Fula (Adlam),ff_Adlm,0.0,2759988.0
438,Georgia,GE,Georgian,ka,86.0,3673850.0
439,Georgia,GE,Mingrelian,xmf,11.0,3673850.0
440,Georgia,GE,Russian,ru,9.0,3673850.0
441,Georgia,GE,Armenian,hy,7.0,3673850.0
442,Georgia,GE,Abkhazian,ab,2.2,3673850.0
443,Georgia,GE,Ossetic,os,2.2,3673850.0
444,Georgia,GE,Kurdish,ku,0.89,3673850.0
445,Georgia,GE,Laz (Georgian),lzz_Geor,0.002,3673850.0
446,Germany,DE,German,de,91.0,83510950.0
447,Germany,DE,English,en,64.0,83510950.0
448,Germany,DE,French,fr,18.0,83510950.0
449,Germany,DE,Bavarian,bar,17.0,83510950.0
450,Germany,DE,Low German,nds,12.0,83510950.0
451,Germany,DE,Dutch,nl,9.0,83510950.0
452,Germany,DE,Italian,it,7.0,83510950.0
453,Germany,DE,Spanish,es,6.0,83510950.0
454,Germany,DE,Russian,ru,6.0,83510950.0
455,Germany,DE,Main-Franconian,vmf,6.0,83510950.0
456,Germany,DE,Turkish,tr,2.5,83510950.0
457,Germany,DE,Swiss German,gsw,2.3,83510950.0
458,Germany,DE,Danish,da,2.0,83510950.0
459,Germany,DE,Swabian,swg,1.0,83510950.0
460,Germany,DE,Croatian,hr,0.79,83510950.0
461,Germany,DE,Kurdish,ku,0.66,83510950.0
462,Germany,DE,Greek,el,0.38,83510950.0
463,Germany,DE,Colognian,ksh,0.3,83510950.0
464,Germany,DE,Polish,pl,0.29,83510950.0
465,Germany,DE,Upper Sorbian,hsb,0.016,83510950.0
466,Germany,DE,Northern Frisian,frr,0.012,83510950.0
467,Germany,DE,Lower Sorbian,dsb,0.0083,83510950.0
468,Germany,DE,Eastern Frisian,frs,0.0024,83510950.0
469,Germany,DE,Saterland Frisian,stq,0.0012,83510950.0
470,Germany,DE,Palatine German,pfl,0.0,83510950.0
471,Ghana,GH,Akan,ak,39.0,34427414.0
472,Ghana,GH,English,en,21.0,34427414.0
473,Ghana,GH,Ewe,ee,11.0,34427414.0
474,Ghana,GH,Abron,abr,5.0,34427414.0
475,Ghana,GH,Frafra,gur,3.5,34427414.0
476,Ghana,GH,Adangme,ada,3.0,34427414.0
477,Ghana,GH,Ga,gaa,2.8,34427414.0
478,Ghana,GH,Nzima,nzi,1.0,34427414.0
479,Ghana,GH,Hausa,ha,0.86,34427414.0
480,Ghana,GH,Safaliba,saf,0.012,34427414.0
481,Ghana,GH,Fula,ff,0.0,34427414.0
482,Ghana,GH,Fula (Adlam),ff_Adlm,0.0,34427414.0
483,Gibraltar,GI,English,en,80.0,39329.0
484,Gibraltar,GI,Spanish,es,50.0,39329.0
485,Greece,GR,Greek,el,99.0,10388805.0
486,Greece,GR,English,en,51.0,10388805.0
487,Greece,GR,French,fr,7.3,10388805.0
488,Greece,GR,German,de,5.0,10388805.0
489,Greece,GR,Pontic,pnt,3.7,10388805.0
490,Greece,GR,Macedonian,mk,1.6,10388805.0
491,Greece,GR,Turkish,tr,1.2,10388805.0
492,Greece,GR,Bulgarian,bg,0.27,10388805.0
493,Greece,GR,Albanian,sq,0.096,10388805.0
494,Greece,GR,Tsakonian,tsd,0.0019,10388805.0
495,Greece,GR,Mycenaean Greek,gmy,0.0,10388805.0
496,Greece,GR,Ancient Greek,grc,0.0,10388805.0
497,Greenland,GL,Kalaallisut,kl,84.0,56836.0
498,Greenland,GL,Danish,da,14.0,56836.0
499,Grenada,GD,English,en,96.0,117207.0
500,Guadeloupe,GP,French,fr,84.0,
501,Guam,GU,English,en,91.0,167777.0
502,Guam,GU,Chamorro,ch,22.0,167777.0
503,Guatemala,GT,Spanish,es,93.0,18406359.0
504,Guatemala,GT,Kʼicheʼ,quc,7.0,18406359.0
505,Guernsey,GG,English,en,100.0,
506,Guinea,GN,French,fr,27.0,14754785.0
507,Guinea,GN,Fula,ff,26.0,14754785.0
508,Guinea,GN,Mandingo,man,23.0,14754785.0
509,Guinea,GN,Mandingo (N’Ko),man_Nkoo,23.0,14754785.0
510,Guinea,GN,Susu,sus,11.0,14754785.0
511,Guinea,GN,N’Ko,nqo,5.0,14754785.0
512,Guinea,GN,Kpelle,kpe,3.8,14754785.0
513,Guinea,GN,Fula (Adlam),ff_Adlm,0.0,14754785.0
514,Guinea-Bissau,GW,Portuguese,pt,100.0,2201352.0
515,Guinea-Bissau,GW,French,fr,15.0,2201352.0
516,Guinea-Bissau,GW,Mankanya,knf,2.6,2201352.0
517,Guinea-Bissau,GW,Fula,ff,0.0,2201352.0
518,Guinea-Bissau,GW,Fula (Adlam),ff_Adlm,0.0,2201352.0
519,Guyana,GY,English,en,100.0,831087.0
520,Territory,Code,Language,Code,,
521,Haiti,HT,Haitian Creole,ht,81.0,11772557.0
522,Haiti,HT,French,fr,42.0,11772557.0
523,Heard & McDonald Islands,HM,Unknown language,und,100.0,
524,Honduras,HN,Spanish,es,78.0,10825703.0
525,Honduras,HN,English,en,0.44,10825703.0
526,Hong Kong SAR China,HK,Chinese (Traditional),zh_Hant,95.0,7524100.0
527,Hong Kong SAR China,HK,Cantonese,yue,90.0,7524100.0
528,Hong Kong SAR China,HK,English,en,51.0,7524100.0
529,Hong Kong SAR China,HK,Chinese,zh,5.0,7524100.0
530,Hungary,HU,Hungarian,hu,100.0,9562314.0
531,Hungary,HU,English,en,20.0,9562314.0
532,Hungary,HU,German,de,18.0,9562314.0
533,Hungary,HU,French,fr,1.2,9562314.0
534,Hungary,HU,Romanian,ro,0.99,9562314.0
535,Hungary,HU,Croatian,hr,0.32,9562314.0
536,Hungary,HU,Slovak,sk,0.12,9562314.0
537,Hungary,HU,Slovenian,sl,0.051,9562314.0
538,Territory,Code,Language,Code,,
539,Iceland,IS,Icelandic,is,100.0,404610.0
540,Iceland,IS,Danish,da,0.62,404610.0
541,India,IN,Hindi,hi,41.0,1450935791.0
542,India,IN,English,en,19.0,1450935791.0
543,India,IN,Bangla,bn,8.1,1450935791.0
544,India,IN,Telugu,te,7.2,1450935791.0
545,India,IN,Marathi,mr,7.0,1450935791.0
546,India,IN,Tamil,ta,5.9,1450935791.0
547,India,IN,Urdu,ur,5.0,1450935791.0
548,India,IN,Gujarati,gu,4.5,1450935791.0
549,India,IN,Kannada,kn,3.7,1450935791.0
550,India,IN,Malayalam,ml,3.2,1450935791.0
551,India,IN,Odia,or,3.2,1450935791.0
552,India,IN,Punjabi,pa,2.8,1450935791.0
553,India,IN,Bhojpuri,bho,2.3,1450935791.0
554,India,IN,Awadhi,awa,1.9,1450935791.0
555,India,IN,Assamese,as,1.3,1450935791.0
556,India,IN,Haryanvi,bgc,1.2,1450935791.0
557,India,IN,Magahi,mag,1.2,1450935791.0
558,India,IN,Maithili,mai,1.2,1450935791.0
559,India,IN,Marwari,mwr,1.2,1450935791.0
560,India,IN,Chhattisgarhi,hne,1.1,1450935791.0
561,India,IN,Deccan,dcc,0.99,1450935791.0
562,India,IN,Kanauji,bjj,0.56,1450935791.0
563,India,IN,Nepali,ne,0.56,1450935791.0
564,India,IN,Santali,sat,0.55,1450935791.0
565,India,IN,Mewati,wtm,0.46,1450935791.0
566,India,IN,Rangpuri,rkt,0.43,1450935791.0
567,India,IN,Kashmiri,ks,0.41,1450935791.0
568,India,IN,Konkani [individual language],knn,0.37,1450935791.0
569,India,IN,Konkani,kok,0.32,1450935791.0
570,India,IN,Shekhawati,swv,0.28,1450935791.0
571,India,IN,Garhwali,gbm,0.27,1450935791.0
572,India,IN,Lambadi,lmn,0.27,1450935791.0
573,India,IN,Sindhi,sd,0.26,1450935791.0
574,India,IN,Gondi,gon,0.24,1450935791.0
575,India,IN,Kumaoni,kfy,0.22,1450935791.0
576,India,IN,Dogri,doi,0.2,1450935791.0
577,India,IN,Kurukh,kru,0.19,1450935791.0
578,India,IN,Sadri,sck,0.18,1450935791.0
579,India,IN,Waddar,wbq,0.18,1450935791.0
580,India,IN,Kangri,xnr,0.16,1450935791.0
581,India,IN,Khandesi,khn,0.15,1450935791.0
582,India,IN,Tulu,tcy,0.15,1450935791.0
583,India,IN,Wagdi,wbr,0.15,1450935791.0
584,India,IN,Bodo,brx,0.14,1450935791.0
585,India,IN,Sindhi (Devanagari),sd_Deva,0.14,1450935791.0
586,India,IN,Nimadi,noe,0.13,1450935791.0
587,India,IN,Bhili,bhb,0.12,1450935791.0
588,India,IN,Manipuri,mni,0.11,1450935791.0
589,India,IN,Hindi (Latin),hi_Latn,0.1,1450935791.0
590,India,IN,Rajasthani,raj,0.1,1450935791.0
591,India,IN,Ho,hoc,0.099,1450935791.0
592,India,IN,Mewari,mtr,0.097,1450935791.0
593,India,IN,Mundari,unr,0.094,1450935791.0
594,India,IN,Bhilali,bhi,0.092,1450935791.0
595,India,IN,Hadothi,hoj,0.082,1450935791.0
596,India,IN,Khasi,kha,0.08,1450935791.0
597,India,IN,Kachhi,kfr,0.075,1450935791.0
598,India,IN,Garo,grt,0.053,1450935791.0
599,India,IN,Munda,unx,0.048,1450935791.0
600,India,IN,Bagheli,bfy,0.037,1450935791.0
601,India,IN,Sirmauri,srx,0.035,1450935791.0
602,India,IN,Saurashtra,saz,0.029,1450935791.0
603,India,IN,Chakma,ccp,0.028,1450935791.0
604,India,IN,Badaga,bfq,0.023,1450935791.0
605,India,IN,Ao Naga,njo,0.023,1450935791.0
606,India,IN,Riang [India],ria,0.013,1450935791.0
607,India,IN,Tibetan,bo,0.011,1450935791.0
608,India,IN,Bishnupriya,bpy,0.0068,1450935791.0
609,India,IN,Balti,bft,0.0062,1450935791.0
610,India,IN,Braj,bra,0.0041,1450935791.0
611,India,IN,Lepcha,lep,0.0035,1450935791.0
612,India,IN,Kuvi,kxv,0.0029,1450935791.0
613,India,IN,Bateri,btv,0.0026,1450935791.0
614,India,IN,Limbu,lif,0.0026,1450935791.0
615,India,IN,Western Panjabi,lah,0.0025,1450935791.0
616,India,IN,Sanskrit,sa,0.0012,1450935791.0
617,India,IN,Khamti,kht,0.0006,1450935791.0
618,India,IN,Divehi,dv,0.0003,1450935791.0
619,India,IN,Dzongkha,dz,0.0002,1450935791.0
620,Indonesia,ID,Indonesian,id,64.0,283487931.0
621,Indonesia,ID,Javanese,jv,34.0,283487931.0
622,Indonesia,ID,Sundanese,su,12.0,283487931.0
623,Indonesia,ID,Madurese,mad,6.3,283487931.0
624,Indonesia,ID,Malay,ms,3.4,283487931.0
625,Indonesia,ID,Minangkabau,min,3.0,283487931.0
626,Indonesia,ID,Betawi,bew,2.1,283487931.0
627,Indonesia,ID,Balinese,ban,1.8,283487931.0
628,Indonesia,ID,Buginese,bug,1.6,283487931.0
629,Indonesia,ID,Banjar,bjn,1.5,283487931.0
630,Indonesia,ID,Acehnese,ace,1.4,283487931.0
631,Indonesia,ID,Malay (Arabic),ms_Arab,1.2,283487931.0
632,Indonesia,ID,Sasak,sas,0.97,283487931.0
633,Indonesia,ID,Batak Toba,bbc,0.92,283487931.0
634,Indonesia,ID,Chinese (Traditional),zh_Hant,0.92,283487931.0
635,Indonesia,ID,Makasar,mak,0.73,283487931.0
636,Indonesia,ID,Lampung Api,ljp,0.69,283487931.0
637,Indonesia,ID,Rejang,rej,0.46,283487931.0
638,Indonesia,ID,Gorontalo,gor,0.41,283487931.0
639,Indonesia,ID,Ngaju,nij,0.37,283487931.0
640,Indonesia,ID,Komering,kge,0.32,283487931.0
641,Indonesia,ID,Uab Meto,aoz,0.27,283487931.0
642,Indonesia,ID,Kerinci,kvr,0.14,283487931.0
643,Indonesia,ID,Tolaki,lbw,0.13,283487931.0
644,Indonesia,ID,Gayo,gay,0.12,283487931.0
645,Indonesia,ID,Tae',rob,0.11,283487931.0
646,Indonesia,ID,Mandar,mdr,0.092,283487931.0
647,Indonesia,ID,Sangir,sxn,0.092,283487931.0
648,Indonesia,ID,Selayar,sly,0.054,283487931.0
649,Indonesia,ID,Mentawai,mwv,0.024,283487931.0
650,Indonesia,ID,Balinese (Balinese),ban_Bali,0.0,283487931.0
651,Indonesia,ID,Kawi,kaw,0.0,283487931.0
652,Iran,IR,Persian,fa,75.0,91567738.0
653,Iran,IR,Azeri (Arabic),az_Arab,24.0,91567738.0
654,Iran,IR,Mazanderani,mzn,5.0,91567738.0
655,Iran,IR,Gilaki,glk,4.6,91567738.0
656,Iran,IR,Central Kurdish,ckb,3.9,91567738.0
657,Iran,IR,Southern Kurdish,sdh,3.7,91567738.0
658,Iran,IR,Turkmen,tk,2.8,91567738.0
659,Iran,IR,Northern Luri,lrc,2.1,91567738.0
660,Iran,IR,Arabic,ar,2.0,91567738.0
661,Iran,IR,Baluchi,bal,2.0,91567738.0
662,Iran,IR,Domari,rmt,1.9,91567738.0
663,Iran,IR,Bakhtiari,bqi,1.4,91567738.0
664,Iran,IR,Southern Luri,luz,1.2,91567738.0
665,Iran,IR,Laki,lki,0.76,91567738.0
666,Iran,IR,Kara-Kalpak,kaa,0.67,91567738.0
667,Iran,IR,Western Balochi,bgn,0.56,91567738.0
668,Iran,IR,Parsi-Dari,prd,0.5,91567738.0
669,Iran,IR,Armenian,hy,0.24,91567738.0
670,Iran,IR,Pashto,ps,0.16,91567738.0
671,Iran,IR,Georgian,ka,0.071,91567738.0
672,Iran,IR,Zoroastrian Dari,gbz,0.0091,91567738.0
673,Iran,IR,Kazakh (Arabic),kk_Arab,0.0034,91567738.0
674,Iraq,IQ,Arabic,ar,68.0,46042015.0
675,Iraq,IQ,English,en,35.0,46042015.0
676,Iraq,IQ,Central Kurdish,ckb,20.0,46042015.0
677,Iraq,IQ,Azeri (Arabic),az_Arab,1.8,46042015.0
678,Iraq,IQ,Persian,fa,0.87,46042015.0
679,Iraq,IQ,Northern Luri,lrc,0.61,46042015.0
680,Iraq,IQ,Syriac,syr,0.5,46042015.0
681,Ireland,IE,English,en,98.0,5380257.0
682,Ireland,IE,Irish,ga,22.0,5380257.0
683,Ireland,IE,French,fr,13.0,5380257.0
684,Isle of Man,IM,English,en,100.0,84160.0
685,Isle of Man,IM,Manx,gv,1.8,84160.0
686,Israel,IL,Hebrew,he,100.0,9974400.0
687,Israel,IL,English,en,85.0,9974400.0
688,Israel,IL,Arabic,ar,20.0,9974400.0
689,Israel,IL,Levantine Arabic,apc,17.0,9974400.0
690,Israel,IL,Russian,ru,11.0,9974400.0
691,Israel,IL,Romanian,ro,3.7,9974400.0
692,Israel,IL,Yiddish,yi,3.0,9974400.0
693,Israel,IL,Polish,pl,1.5,9974400.0
694,Israel,IL,Ladino,lad,1.3,9974400.0
695,Israel,IL,Hungarian,hu,1.0,9974400.0
696,Israel,IL,Amharic,am,0.59,9974400.0
697,Israel,IL,Tigrinya,ti,0.11,9974400.0
698,Israel,IL,Malayalam,ml,0.085,9974400.0
699,Italy,IT,Italian,it,95.0,58986023.0
700,Italy,IT,English,en,34.0,58986023.0
701,Italy,IT,French,fr,20.0,58986023.0
702,Italy,IT,Lombard,lmo,5.7,58986023.0
703,Italy,IT,Sardinian,sc,1.7,58986023.0
704,Italy,IT,German,de,1.6,58986023.0
705,Italy,IT,Venetian,vec,1.3,58986023.0
706,Italy,IT,Neapolitan,nap,0.97,58986023.0
707,Italy,IT,Ligurian,lij,0.86,58986023.0
708,Italy,IT,Sicilian,scn,0.82,58986023.0
709,Italy,IT,Sassarese Sardinian,sdc,0.17,58986023.0
710,Italy,IT,Slovenian,sl,0.17,58986023.0
711,Italy,IT,Friulian,fur,0.06,58986023.0
712,Italy,IT,Emilian,egl,0.05,58986023.0
713,Italy,IT,Ladin,lld,0.048,58986023.0
714,Italy,IT,Catalan,ca,0.035,58986023.0
715,Italy,IT,Greek,el,0.035,58986023.0
716,Italy,IT,Piedmontese,pms,0.01,58986023.0
717,Italy,IT,Croatian,hr,0.0057,58986023.0
718,Italy,IT,Mócheno,mhn,0.0023,58986023.0
719,Italy,IT,Romagnol,rgn,0.0,58986023.0
720,Territory,Code,Language,Code,,
721,Jamaica,JM,English,en,98.0,2839175.0
722,Jamaica,JM,Jamaican Creole English,jam,95.0,2839175.0
723,Japan,JP,Japanese,ja,95.0,123975371.0
724,Japan,JP,Central Okinawan,ryu,0.77,123975371.0
725,Japan,JP,Korean,ko,0.52,123975371.0
726,Jersey,JE,English,en,95.0,
727,Jordan,JO,Arabic,ar,100.0,11552876.0
728,Jordan,JO,Levantine Arabic,apc,66.0,11552876.0
729,Jordan,JO,English,en,45.0,11552876.0
730,Territory,Code,Language,Code,,
731,Kazakhstan,KZ,Russian,ru,72.0,20592571.0
732,Kazakhstan,KZ,Kazakh,kk,64.0,20592571.0
733,Kazakhstan,KZ,English,en,15.0,20592571.0
734,Kazakhstan,KZ,German,de,6.4,20592571.0
735,Kazakhstan,KZ,Uyghur (Cyrillic),ug_Cyrl,2.0,20592571.0
736,Kazakhstan,KZ,Kara-Kalpak,kaa,0.018,20592571.0
737,Kenya,KE,Swahili,sw,66.0,56432944.0
738,Kenya,KE,English,en,19.0,56432944.0
739,Kenya,KE,Kikuyu,ki,17.0,56432944.0
740,Kenya,KE,Luyia,luy,11.0,56432944.0
741,Kenya,KE,Luo,luo,9.8,56432944.0
742,Kenya,KE,Kamba,kam,7.6,56432944.0
743,Kenya,KE,Kalenjin,kln,7.6,56432944.0
744,Kenya,KE,Gusii,guz,4.9,56432944.0
745,Kenya,KE,Meru,mer,4.0,56432944.0
746,Kenya,KE,Masai,mas,1.6,56432944.0
747,Kenya,KE,Embu,ebu,1.5,56432944.0
748,Kenya,KE,Somali,so,1.3,56432944.0
749,Kenya,KE,Taita,dav,0.82,56432944.0
750,Kenya,KE,Teso,teo,0.74,56432944.0
751,Kenya,KE,Pökoot,pko,0.69,56432944.0
752,Kenya,KE,Oromo,om,0.47,56432944.0
753,Kenya,KE,Samburu,saq,0.46,56432944.0
754,Kenya,KE,Arabic,ar,0.046,56432944.0
755,Kenya,KE,Punjabi,pa,0.017,56432944.0
756,Kenya,KE,Gujarati,gu,0.0086,56432944.0
757,Kiribati,KI,English,en,100.0,134518.0
758,Kiribati,KI,Gilbertese,gil,60.0,134518.0
759,Kosovo,XK,Albanian,sq,92.0,
760,Kosovo,XK,Gheg Albanian,aln,74.0,
761,Kosovo,XK,Serbian,sr,5.0,
762,Kosovo,XK,Serbian (Latin),sr_Latn,5.0,
763,Kuwait,KW,Arabic,ar,100.0,4973861.0
764,Kyrgyzstan,KG,Kyrgyz,ky,48.0,7224614.0
765,Kyrgyzstan,KG,Russian,ru,36.0,7224614.0
766,Kyrgyzstan,KG,Kara-Kalpak,kaa,0.019,7224614.0
767,Territory,Code,Language,Code,,
768,Laos,LA,Lao,lo,69.0,7769819.0
769,Laos,LA,Khmu,kjg,5.8,7769819.0
770,Laos,LA,Hmong Njua,hnj,3.0,7769819.0
771,Laos,LA,Kuy,kdt,0.96,7769819.0
772,Latvia,LV,Latvian,lv,61.0,1862441.0
773,Latvia,LV,English,en,46.0,1862441.0
774,Latvia,LV,Russian,ru,38.0,1862441.0
775,Latvia,LV,Latgalian,ltg,8.9,1862441.0
776,Lebanon,LB,Levantine Arabic,apc,100.0,5805962.0
777,Lebanon,LB,Arabic,ar,86.0,5805962.0
778,Lebanon,LB,English,en,40.0,5805962.0
779,Lebanon,LB,French,fr,38.0,5805962.0
780,Lebanon,LB,Armenian,hy,5.2,5805962.0
781,Lebanon,LB,Kurdish (Arabic),ku_Arab,1.7,5805962.0
782,Lesotho,LS,Southern Sotho,st,98.0,2337423.0
783,Lesotho,LS,English,en,27.0,2337423.0
784,Lesotho,LS,Zulu,zu,14.0,2337423.0
785,Lesotho,LS,Swati,ss,2.4,2337423.0
786,Lesotho,LS,Xhosa,xh,0.99,2337423.0
787,Liberia,LR,English,en,83.0,5612817.0
788,Liberia,LR,Kpelle,kpe,14.0,5612817.0
789,Liberia,LR,Vai,vai,2.6,5612817.0
790,Liberia,LR,Mende,men,0.48,5612817.0
791,Liberia,LR,Fula,ff,0.0,5612817.0
792,Liberia,LR,Fula (Adlam),ff_Adlm,0.0,5612817.0
793,Liberia,LR,Vai (Latin),vai_Latn,0.0,5612817.0
794,Libya,LY,Arabic,ar,74.0,7381023.0
795,Liechtenstein,LI,German,de,100.0,40197.0
796,Liechtenstein,LI,Swiss German,gsw,85.0,40197.0
797,Liechtenstein,LI,Walser,wae,3.2,40197.0
798,Lithuania,LT,Lithuanian,lt,86.0,2888055.0
799,Lithuania,LT,Russian,ru,80.0,2888055.0
800,Lithuania,LT,English,en,38.0,2888055.0
801,Lithuania,LT,German,de,14.0,2888055.0
802,Lithuania,LT,Samogitian,sgs,0.0,2888055.0
803,Luxembourg,LU,French,fr,92.0,677717.0
804,Luxembourg,LU,Luxembourgish,lb,67.0,677717.0
805,Luxembourg,LU,German,de,63.0,677717.0
806,Luxembourg,LU,English,en,56.0,677717.0
807,Luxembourg,LU,Portuguese,pt,16.0,677717.0
808,Territory,Code,Language,Code,,
809,Macao SAR China,MO,Chinese (Traditional),zh_Hant,98.0,687000.0
810,Macao SAR China,MO,Cantonese,yue,86.0,687000.0
811,Macao SAR China,MO,English,en,23.0,687000.0
812,Macao SAR China,MO,Chinese,zh,5.0,687000.0
813,Macao SAR China,MO,Min Nan Chinese,,3.7,687000.0
814,Macao SAR China,MO,Filipino,fil,3.1,687000.0
815,Macao SAR China,MO,Portuguese,pt,2.3,687000.0
816,Madagascar,MG,Malagasy,mg,90.0,31964956.0
817,Madagascar,MG,French,fr,27.0,31964956.0
818,Madagascar,MG,English,en,18.0,31964956.0
819,Malawi,MW,English,en,63.0,21655286.0
820,Malawi,MW,Nyanja,ny,63.0,21655286.0
821,Malawi,MW,Tumbuka,tum,8.4,21655286.0
822,Malawi,MW,Nyasa Tonga,tog,0.98,21655286.0
823,Malawi,MW,Zulu,zu,0.33,21655286.0
824,Malaysia,MY,Malay,ms,75.0,35557673.0
825,Malaysia,MY,English,en,21.0,35557673.0
826,Malaysia,MY,Chinese,zh,17.0,35557673.0
827,Malaysia,MY,Tamil,ta,4.2,35557673.0
828,Malaysia,MY,Iban,iba,2.5,35557673.0
829,Malaysia,MY,Javanese,jv,1.2,35557673.0
830,Malaysia,MY,Negeri Sembilan Malay,zmi,1.2,35557673.0
831,Malaysia,MY,Central Dusun,dtp,0.56,35557673.0
832,Malaysia,MY,Malayalam,ml,0.15,35557673.0
833,Malaysia,MY,Buginese,bug,0.079,35557673.0
834,Malaysia,MY,Banjar,bjn,0.014,35557673.0
835,Maldives,MV,Divehi,dv,98.0,527799.0
836,Maldives,MV,English,en,75.0,527799.0
837,Mali,ML,Bambara,bm,46.0,24478595.0
838,Mali,ML,French,fr,17.0,24478595.0
839,Mali,ML,Maasina Fulfulde,ffm,7.7,24478595.0
840,Mali,ML,Soninke,snk,5.9,24478595.0
841,Mali,ML,Kita Maninkakan,mwk,5.0,24478595.0
842,Mali,ML,Koyraboro Senni,ses,3.4,24478595.0
843,Mali,ML,Tamashek,tmh,2.1,24478595.0
844,Mali,ML,Bambara (N’Ko),bm_Nkoo,2.0,24478595.0
845,Mali,ML,Koyra Chiini,khq,1.7,24478595.0
846,Mali,ML,Tomo Kan Dogon,dtm,1.1,24478595.0
847,Mali,ML,Xaasongaxango,kao,1.0,24478595.0
848,Mali,ML,Arabic,ar,0.9,24478595.0
849,Mali,ML,Bomu,bmq,0.86,24478595.0
850,Mali,ML,Jenaama Bozo,bze,0.85,24478595.0
851,Malta,MT,Maltese,mt,100.0,574346.0
852,Malta,MT,English,en,88.0,574346.0
853,Malta,MT,Italian,it,56.0,574346.0
854,Malta,MT,French,fr,13.0,574346.0
855,Marshall Islands,MH,English,en,93.0,37548.0
856,Marshall Islands,MH,Marshallese,mh,73.0,37548.0
857,Martinique,MQ,French,fr,81.0,
858,Mauritania,MR,Arabic,ar,85.0,5169395.0
859,Mauritania,MR,French,fr,13.0,5169395.0
860,Mauritania,MR,Fula,ff,5.7,5169395.0
861,Mauritania,MR,Wolof,wo,0.23,5169395.0
862,Mauritania,MR,Fula (Adlam),ff_Adlm,0.0,5169395.0
863,Mauritius,MU,Morisyen,mfe,90.0,1259509.0
864,Mauritius,MU,French,fr,73.0,1259509.0
865,Mauritius,MU,English,en,72.0,1259509.0
866,Mauritius,MU,Bhojpuri,bho,8.6,1259509.0
867,Mauritius,MU,Urdu,ur,5.2,1259509.0
868,Mauritius,MU,Tamil,ta,2.5,1259509.0
869,Mayotte,YT,Comorian,swb,88.0,
870,Mayotte,YT,French,fr,63.0,
871,Mayotte,YT,Bushi,buc,23.0,
872,Mayotte,YT,Swahili,sw,1.4,
873,Mexico,MX,Spanish,es,83.0,130861007.0
874,Mexico,MX,English,en,13.0,130861007.0
875,Mexico,MX,Yucateco,yua,0.67,130861007.0
876,Mexico,MX,Eastern Huasteca Nahuatl,nhe,0.39,130861007.0
877,Mexico,MX,Western Huasteca Nahuatl,nhw,0.39,130861007.0
878,Mexico,MX,Central Mazahua,maz,0.34,130861007.0
879,Mexico,MX,Central Huasteca Nahuatl,nch,0.19,130861007.0
880,Mexico,MX,Venetian,vec,0.0019,130861007.0
881,Mexico,MX,Seri,sei,0.0007,130861007.0
882,Micronesia,FM,English,en,57.0,113160.0
883,Micronesia,FM,Chuukese,chk,30.0,113160.0
884,Micronesia,FM,Pohnpeian,pon,23.0,113160.0
885,Micronesia,FM,Kosraean,kos,8.0,113160.0
886,Micronesia,FM,Yapese,yap,6.6,113160.0
887,Micronesia,FM,Ulithian,uli,3.0,113160.0
888,Moldova,MD,Romanian,ro,63.0,2389275.0
889,Moldova,MD,Ukrainian,uk,14.0,2389275.0
890,Moldova,MD,Bulgarian,bg,9.4,2389275.0
891,Moldova,MD,Gagauz,gag,3.3,2389275.0
892,Moldova,MD,Russian,ru,3.0,2389275.0
893,Monaco,MC,French,fr,97.0,38631.0
894,Mongolia,MN,Mongolian,mn,93.0,3524788.0
895,Mongolia,MN,Kazakh (Arabic),kk_Arab,7.2,3524788.0
896,Mongolia,MN,Chinese,zh,1.4,3524788.0
897,Mongolia,MN,Russian,ru,0.12,3524788.0
898,Mongolia,MN,Uyghur (Cyrillic),ug_Cyrl,0.03,3524788.0
899,Montenegro,ME,Serbian (Latin),sr_Latn,100.0,623831.0
900,Montenegro,ME,Albanian,sq,7.9,623831.0
901,Montenegro,ME,Serbian,sr,5.0,623831.0
902,Montserrat,MS,English,en,64.0,
903,Morocco,MA,Moroccan Arabic,ary,87.0,38081173.0
904,Morocco,MA,Arabic,ar,62.0,38081173.0
905,Morocco,MA,French,fr,36.0,38081173.0
906,Morocco,MA,Standard Moroccan Tamazight,zgh,22.0,38081173.0
907,Morocco,MA,English,en,14.0,38081173.0
908,Morocco,MA,Central Atlas Tamazight,tzm,9.8,38081173.0
909,Morocco,MA,Tachelhit,shi,8.7,38081173.0
910,Morocco,MA,Tachelhit (Latin),shi_Latn,8.7,38081173.0
911,Morocco,MA,Riffian,rif,4.9,38081173.0
912,Morocco,MA,Riffian (Tifinagh),rif_Tfng,4.9,38081173.0
913,Morocco,MA,Spanish,es,0.065,38081173.0
914,Mozambique,MZ,Portuguese,pt,27.0,34631766.0
915,Mozambique,MZ,Makhuwa,vmw,13.0,34631766.0
916,Mozambique,MZ,Ndau,ndc,9.9,34631766.0
917,Mozambique,MZ,Tsonga,ts,7.9,34631766.0
918,Mozambique,MZ,Lomwe,ngl,6.8,34631766.0
919,Mozambique,MZ,Sena,seh,4.6,34631766.0
920,Mozambique,MZ,Makhuwa-Meetto,mgh,4.5,34631766.0
921,Mozambique,MZ,Ronga,rng,3.4,34631766.0
922,Mozambique,MZ,Nyanja,ny,2.6,34631766.0
923,Mozambique,MZ,Yao,yao,2.4,34631766.0
924,Mozambique,MZ,Swahili,sw,0.028,34631766.0
925,Mozambique,MZ,Zulu,zu,0.0054,34631766.0
926,Myanmar (Burma),MM,Burmese,my,64.0,54500091.0
927,Myanmar (Burma),MM,Shan,shn,6.4,54500091.0
928,Myanmar (Burma),MM,Kachin,kac,1.7,54500091.0
929,Myanmar (Burma),MM,Rohingya,rhg,1.7,54500091.0
930,Myanmar (Burma),MM,Mon,mnw,1.5,54500091.0
931,Myanmar (Burma),MM,Hmong Njua,hnj,0.022,54500091.0
932,Myanmar (Burma),MM,Khamti,kht,0.0074,54500091.0
933,Territory,Code,Language,Code,,
934,Namibia,Code,Afrikaans,af,75.0,
935,Namibia,Code,Kuanyama,kj,35.0,
936,Namibia,Code,Ndonga,ng,21.0,
937,Namibia,Code,Nama,naq,11.0,
938,Namibia,Code,Herero,hz,9.1,
939,Namibia,Code,English,en,7.0,
940,Namibia,Code,German,de,0.9,
941,Namibia,Code,Tswana,tn,0.56,
942,Nauru,NR,English,en,95.0,11947.0
943,Nauru,NR,Nauru,na,70.0,11947.0
944,Nepal,NP,Nepali,ne,44.0,29651054.0
945,Nepal,NP,Maithili,mai,11.0,29651054.0
946,Nepal,NP,Bhojpuri,bho,6.8,29651054.0
947,Nepal,NP,Newari,new,3.3,29651054.0
948,Nepal,NP,Jumli,jml,3.2,29651054.0
949,Nepal,NP,English,en,3.0,29651054.0
950,Nepal,NP,Dotyali,dty,2.5,29651054.0
951,Nepal,NP,Awadhi,awa,2.2,29651054.0
952,Nepal,NP,Dangaura Tharu,thl,2.0,29651054.0
953,Nepal,NP,Bantawa,bap,1.5,29651054.0
954,Nepal,NP,Western Tamang,tdg,1.3,29651054.0
955,Nepal,NP,Rana Tharu,thr,1.2,29651054.0
956,Nepal,NP,Limbu,lif,1.1,29651054.0
957,Nepal,NP,Eastern Magar,mgp,1.1,29651054.0
958,Nepal,NP,Kochila Tharu,thq,1.0,29651054.0
959,Nepal,NP,Western Magar,mrd,0.83,29651054.0
960,Nepal,NP,Bagheli,bfy,0.54,29651054.0
961,Nepal,NP,Sherpa,xsr,0.52,29651054.0
962,Nepal,NP,Rajbanshi,rjs,0.44,29651054.0
963,Nepal,NP,Eastern Tamang,taj,0.43,29651054.0
964,Nepal,NP,Hindi,hi,0.42,29651054.0
965,Nepal,NP,Gurung,gvr,0.29,29651054.0
966,Nepal,NP,Tibetan,bo,0.24,29651054.0
967,Nepal,NP,Kathoriya Tharu,tkt,0.24,29651054.0
968,Nepal,NP,Thulung,tdh,0.12,29651054.0
969,Nepal,NP,Bangla,bn,0.094,29651054.0
970,Nepal,NP,Mundari (Devanagari),unr_Deva,0.018,29651054.0
971,Nepal,NP,Lepcha,lep,0.0091,29651054.0
972,Netherlands,NL,Dutch,nl,100.0,17994237.0
973,Netherlands,NL,English,en,90.0,17994237.0
974,Netherlands,NL,German,de,71.0,17994237.0
975,Netherlands,NL,French,fr,19.0,17994237.0
976,Netherlands,NL,Low German,nds,11.0,17994237.0
977,Netherlands,NL,Limburgish,li,5.5,17994237.0
978,Netherlands,NL,Western Frisian,fy,4.3,17994237.0
979,Netherlands,NL,Gronings,gos,3.6,17994237.0
980,Netherlands,NL,Indonesian,id,1.8,17994237.0
981,Netherlands,NL,Zeelandic,zea,1.4,17994237.0
982,Netherlands,NL,Riffian,rif,1.2,17994237.0
983,Netherlands,NL,Turkish,tr,1.2,17994237.0
984,New Caledonia,NC,French,fr,99.0,292639.0
985,New Zealand,NZ,English,en,98.0,5338500.0
986,New Zealand,NZ,Māori,mi,2.8,5338500.0
987,Nicaragua,NI,Spanish,es,78.0,6916140.0
988,Niger,NE,Hausa,ha,41.0,27032412.0
989,Niger,NE,Zarma,dje,17.0,27032412.0
990,Niger,NE,French,fr,13.0,27032412.0
991,Niger,NE,Central-Eastern Niger Fulfulde,fuq,7.0,27032412.0
992,Niger,NE,Tamashek,tmh,6.0,27032412.0
993,Niger,NE,Arabic,ar,0.21,27032412.0
994,Niger,NE,Tasawaq,twq,0.03,27032412.0
995,Niger,NE,Fula,ff,0.0,27032412.0
996,Niger,NE,Fula (Adlam),ff_Adlm,0.0,27032412.0
997,Nigeria,NG,English,en,53.0,232679478.0
998,Nigeria,NG,Nigerian Pidgin,pcm,21.0,232679478.0
999,Nigeria,NG,Hausa,ha,13.0,232679478.0
1000,Nigeria,NG,Igbo,ig,13.0,232679478.0
1001,Nigeria,NG,Yoruba,yo,13.0,232679478.0
1002,Nigeria,NG,Nigerian Fulfulde,fuv,6.7,232679478.0
1003,Nigeria,NG,Tiv,tiv,1.6,232679478.0
1004,Nigeria,NG,Efik,efi,1.4,232679478.0
1005,Nigeria,NG,Ibibio,ibb,1.4,232679478.0
1006,Nigeria,NG,Hausa (Arabic),ha_Arab,1.0,232679478.0
1007,Nigeria,NG,Bini,bin,0.71,232679478.0
1008,Nigeria,NG,Jju,kaj,0.21,232679478.0
1009,Nigeria,NG,Tyap,kcg,0.093,232679478.0
1010,Nigeria,NG,Arabic,ar,0.071,232679478.0
1011,Nigeria,NG,Atsam,cch,0.021,232679478.0
1012,Nigeria,NG,Amo,amo,0.0087,232679478.0
1013,Nigeria,NG,Obolo,ann,0.0,232679478.0
1014,Nigeria,NG,Fula,ff,0.0,232679478.0
1015,Nigeria,NG,Fula (Adlam),ff_Adlm,0.0,232679478.0
1016,Niue,NU,English,en,56.0,
1017,Niue,NU,Niuean,niu,56.0,
1018,Norfolk Island,NF,English,en,96.0,
1019,North Korea,KP,Korean,ko,88.0,26498823.0
1020,North Macedonia,MK,Macedonian,mk,67.0,1792179.0
1021,North Macedonia,MK,Albanian,sq,25.0,1792179.0
1022,North Macedonia,MK,Turkish,tr,3.5,1792179.0
1023,Northern Mariana Islands,MP,English,en,97.0,44278.0
1024,Northern Mariana Islands,MP,Chamorro,ch,18.0,44278.0
1025,Norway,NO,Norwegian Bokmål,nb,100.0,5572272.0
1026,Norway,NO,Norwegian,no,100.0,5572272.0
1027,Norway,NO,Norwegian Nynorsk,nn,25.0,5572272.0
1028,Norway,NO,Northern Sami,se,0.29,5572272.0
1029,Territory,Code,Language,Code,,
1030,Oman,OM,Arabic,ar,81.0,5281538.0
1031,Oman,OM,Baluchi,bal,4.9,5281538.0
1032,Oman,OM,Persian,fa,0.94,5281538.0
1033,Territory,Code,Language,Code,,
1034,Pakistan,PK,Urdu,ur,95.0,251269164.0
1035,Pakistan,PK,Punjabi (Arabic),pa_Arab,70.0,251269164.0
1036,Pakistan,PK,English,en,50.0,251269164.0
1037,Pakistan,PK,Western Panjabi,lah,40.0,251269164.0
1038,Pakistan,PK,Pashto,ps,16.0,251269164.0
1039,Pakistan,PK,Sindhi,sd,15.0,251269164.0
1040,Pakistan,PK,Saraiki,skr,12.0,251269164.0
1041,Pakistan,PK,Baluchi,bal,2.6,251269164.0
1042,Pakistan,PK,Northern Hindko,hno,1.7,251269164.0
1043,Pakistan,PK,Brahui,brh,1.3,251269164.0
1044,Pakistan,PK,Persian,fa,0.66,251269164.0
1045,Pakistan,PK,Western Balochi,bgn,0.57,251269164.0
1046,Pakistan,PK,Southern Hindko,hnd,0.41,251269164.0
1047,Pakistan,PK,Tajik (Arabic),tg_Arab,0.33,251269164.0
1048,Pakistan,PK,Gujari,gju,0.2,251269164.0
1049,Pakistan,PK,Balti,bft,0.18,251269164.0
1050,Pakistan,PK,Parkari Koli,kvx,0.16,251269164.0
1051,Pakistan,PK,Khowar,khw,0.15,251269164.0
1052,Pakistan,PK,Indus Kohistani,mvy,0.14,251269164.0
1053,Pakistan,PK,Kachi Koli,gjk,0.11,251269164.0
1054,Pakistan,PK,Wadiyara Koli,kxp,0.11,251269164.0
1055,Pakistan,PK,Kashmiri,ks,0.069,251269164.0
1056,Pakistan,PK,Torwali,trw,0.053,251269164.0
1057,Pakistan,PK,Bateri,btv,0.019,251269164.0
1058,Palau,PW,Palauan,pau,74.0,17695.0
1059,Palau,PW,English,en,8.6,17695.0
1060,Palestinian Territories,PS,Arabic,ar,100.0,5289152.0
1061,Palestinian Territories,PS,Levantine Arabic,apc,87.0,5289152.0
1062,Panama,PA,Spanish,es,69.0,4515577.0
1063,Panama,PA,English,en,14.0,4515577.0
1064,Panama,PA,Chinese (Traditional),zh_Hant,0.13,4515577.0
1065,Papua New Guinea,PG,Tok Pisin,tpi,71.0,10576502.0
1066,Papua New Guinea,PG,English,en,50.0,10576502.0
1067,Papua New Guinea,PG,Hiri Motu,ho,2.1,10576502.0
1068,Paraguay,PY,Guarani,gn,80.0,6929153.0
1069,Paraguay,PY,Spanish,es,3.2,6929153.0
1070,Paraguay,PY,German,de,2.9,6929153.0
1071,Peru,PE,Spanish,es,73.0,34217848.0
1072,Peru,PE,Quechua,qu,15.0,34217848.0
1073,Peru,PE,Aymara,ay,1.6,34217848.0
1074,Philippines,PH,English,en,64.0,115843670.0
1075,Philippines,PH,Filipino,fil,60.0,115843670.0
1076,Philippines,PH,Spanish,es,31.0,115843670.0
1077,Philippines,PH,Cebuano,ceb,24.0,115843670.0
1078,Philippines,PH,Iloko,ilo,9.6,115843670.0
1079,Philippines,PH,Hiligaynon,hil,8.4,115843670.0
1080,Philippines,PH,Bikol,bik,3.0,115843670.0
1081,Philippines,PH,Waray,war,2.9,115843670.0
1082,Philippines,PH,West Albay Bikol,fbl,2.3,115843670.0
1083,Philippines,PH,Pampanga,pam,2.3,115843670.0
1084,Philippines,PH,Pangasinan,pag,1.4,115843670.0
1085,Philippines,PH,Maguindanaon,mdh,1.2,115843670.0
1086,Philippines,PH,Tausug,tsg,1.1,115843670.0
1087,Philippines,PH,Chinese (Traditional),zh_Hant,0.73,115843670.0
1088,Philippines,PH,Capiznon,cps,0.66,115843670.0
1089,Philippines,PH,Kinaray-a,krj,0.39,115843670.0
1090,Philippines,PH,Rinconada Bikol,bto,0.28,115843670.0
1091,Philippines,PH,Hanunoo,hnn,0.016,115843670.0
1092,Philippines,PH,Tagbanwa,tbw,0.0085,115843670.0
1093,Philippines,PH,Buhid,bku,0.0068,115843670.0
1094,Pitcairn Islands,PN,English,en,92.0,
1095,Poland,PL,Polish,pl,96.0,36554707.0
1096,Poland,PL,English,en,33.0,36554707.0
1097,Poland,PL,German,de,19.0,36554707.0
1098,Poland,PL,Russian,ru,18.0,36554707.0
1099,Poland,PL,Silesian,szl,1.3,36554707.0
1100,Poland,PL,Belarusian,be,0.58,36554707.0
1101,Poland,PL,Ukrainian,uk,0.39,36554707.0
1102,Poland,PL,Kashubian,csb,0.13,36554707.0
1103,Poland,PL,Lower Silesian,sli,0.031,36554707.0
1104,Poland,PL,Lithuanian,lt,0.021,36554707.0
1105,Poland,PL,Prussian,prg,0.0001,36554707.0
1106,Portugal,PT,Portuguese,pt,96.0,10701636.0
1107,Portugal,PT,English,en,27.0,10701636.0
1108,Portugal,PT,French,fr,15.0,10701636.0
1109,Portugal,PT,Spanish,es,10.0,10701636.0
1110,Portugal,PT,Galician,gl,0.14,10701636.0
1111,Puerto Rico,PR,Spanish,es,87.0,3203295.0
1112,Puerto Rico,PR,English,en,49.0,3203295.0
1113,Territory,Code,Language,Code,,
1114,Qatar,QA,Arabic,ar,89.0,2857822.0
1115,Qatar,QA,Persian,fa,11.0,2857822.0
1116,Qatar,QA,Malayalam,ml,0.25,2857822.0
1117,Territory,Code,Language,Code,,
1118,Réunion,RE,French,fr,89.0,
1119,Réunion,RE,Réunion Creole French,rcf,71.0,
1120,Réunion,RE,Tamil,ta,15.0,
1121,Romania,RO,Romanian,ro,90.0,19069340.0
1122,Romania,RO,English,en,31.0,19069340.0
1123,Romania,RO,French,fr,12.0,19069340.0
1124,Romania,RO,Spanish,es,10.0,19069340.0
1125,Romania,RO,Hungarian,hu,6.6,19069340.0
1126,Romania,RO,German,de,0.21,19069340.0
1127,Romania,RO,Turkish,tr,0.13,19069340.0
1128,Romania,RO,Serbian (Latin),sr_Latn,0.12,19069340.0
1129,Romania,RO,Bulgarian,bg,0.037,19069340.0
1130,Romania,RO,Greek,el,0.023,19069340.0
1131,Romania,RO,Polish,pl,0.015,19069340.0
1132,Russia,RU,Russian,ru,94.0,143533851.0
1133,Russia,RU,Tatar,tt,1.4,143533851.0
1134,Russia,RU,Bashkir,ba,1.3,143533851.0
1135,Russia,RU,Chuvash,cv,1.3,143533851.0
1136,Russia,RU,Armenian,hy,0.84,143533851.0
1137,Russia,RU,Chechen,ce,0.66,143533851.0
1138,Russia,RU,Avaric,av,0.39,143533851.0
1139,Russia,RU,Udmurt,udm,0.38,143533851.0
1140,Russia,RU,Mari,chm,0.37,143533851.0
1141,Russia,RU,Ossetic,os,0.32,143533851.0
1142,Russia,RU,Yakut,sah,0.32,143533851.0
1143,Russia,RU,Kabardian,kbd,0.31,143533851.0
1144,Russia,RU,Erzya,myv,0.31,143533851.0
1145,Russia,RU,Dargwa,dar,0.26,143533851.0
1146,Russia,RU,Buriat,bua,0.22,143533851.0
1147,Russia,RU,Moksha,mdf,0.21,143533851.0
1148,Russia,RU,Kumyk,kum,0.2,143533851.0
1149,Russia,RU,Komi,kv,0.18,143533851.0
1150,Russia,RU,Lezghian,lez,0.18,143533851.0
1151,Russia,RU,Karachay-Balkar,krc,0.17,143533851.0
1152,Russia,RU,Ingush,inh,0.16,143533851.0
1153,Russia,RU,Tuvinian,tyv,0.13,143533851.0
1154,Russia,RU,Azeri (Cyrillic),az_Cyrl,0.093,143533851.0
1155,Russia,RU,Adyghe,ady,0.088,143533851.0
1156,Russia,RU,Karelian,krl,0.082,143533851.0
1157,Russia,RU,Lak,lbe,0.078,143533851.0
1158,Russia,RU,Komi-Permyak,koi,0.045,143533851.0
1159,Russia,RU,Pontic (Cyrillic),pnt_Cyrl,0.04,143533851.0
1160,Russia,RU,Western Mari,mrj,0.021,143533851.0
1161,Russia,RU,Southern Altai,alt,0.014,143533851.0
1162,Russia,RU,Finnish,fi,0.012,143533851.0
1163,Russia,RU,Serbian,sr,0.0041,143533851.0
1164,Russia,RU,Veps,vep,0.0026,143533851.0
1165,Russia,RU,Mongolian,mn,0.0015,143533851.0
1166,Russia,RU,Kara-Kalpak,kaa,0.0006,143533851.0
1167,Russia,RU,Ingrian,izh,0.0001,143533851.0
1168,Russia,RU,Church Slavic,cu,0.0,143533851.0
1169,Russia,RU,Votic,vot,0.0,143533851.0
1170,Rwanda,RW,Kinyarwanda,rw,77.0,14256567.0
1171,Rwanda,RW,English,en,15.0,14256567.0
1172,Rwanda,RW,French,fr,5.8,14256567.0
1173,Territory,Code,Language,Code,,
1174,Samoa,WS,Samoan,sm,100.0,218019.0
1175,Samoa,WS,English,en,2.1,218019.0
1176,San Marino,SM,Italian,it,89.0,33977.0
1177,San Marino,SM,Esperanto,eo,0.85,33977.0
1178,São Tomé & Príncipe,ST,Portuguese,pt,85.0,235536.0
1179,São Tomé & Príncipe,ST,French,fr,20.0,235536.0
1180,Sark,CQ,English,en,98.0,
1181,Saudi Arabia,SA,Arabic,ar,100.0,35300280.0
1182,Saudi Arabia,SA,Najdi Arabic,ars,3.0,35300280.0
1183,Senegal,SN,Wolof,wo,70.0,18501984.0
1184,Senegal,SN,French,fr,26.0,18501984.0
1185,Senegal,SN,Fula,ff,21.0,18501984.0
1186,Senegal,SN,Serer,srr,11.0,18501984.0
1187,Senegal,SN,Jola-Fonyi,dyo,2.6,18501984.0
1188,Senegal,SN,Saafi-Saafi,sav,1.5,18501984.0
1189,Senegal,SN,Mandjak,mfv,0.77,18501984.0
1190,Senegal,SN,Balanta-Ganja,bjt,0.61,18501984.0
1191,Senegal,SN,Noon,snf,0.24,18501984.0
1192,Senegal,SN,Mankanya,knf,0.21,18501984.0
1193,Senegal,SN,Bassari,bsc,0.097,18501984.0
1194,Senegal,SN,Hassaniyya,mey,0.038,18501984.0
1195,Senegal,SN,Ménik,tnr,0.018,18501984.0
1196,Senegal,SN,Fula (Adlam),ff_Adlm,0.0,18501984.0
1197,Serbia,RS,Serbian,sr,99.0,6587202.0
1198,Serbia,RS,Serbian (Latin),sr_Latn,99.0,6587202.0
1199,Serbia,RS,Albanian,sq,19.0,6587202.0
1200,Serbia,RS,Hungarian,hu,4.8,6587202.0
1201,Serbia,RS,Romanian,ro,2.1,6587202.0
1202,Serbia,RS,Croatian,hr,0.93,6587202.0
1203,Serbia,RS,Slovak,sk,0.85,6587202.0
1204,Serbia,RS,Ukrainian,uk,0.0,6587202.0
1205,Seychelles,SC,Seselwa Creole French,crs,98.0,121354.0
1206,Seychelles,SC,French,fr,53.0,121354.0
1207,Seychelles,SC,English,en,38.0,121354.0
1208,Sierra Leone,SL,Krio,kri,95.0,8642022.0
1209,Sierra Leone,SL,English,en,35.0,8642022.0
1210,Sierra Leone,SL,Mende,men,27.0,8642022.0
1211,Sierra Leone,SL,Timne,tem,26.0,8642022.0
1212,Sierra Leone,SL,Fula,ff,0.0,8642022.0
1213,Sierra Leone,SL,Fula (Adlam),ff_Adlm,0.0,8642022.0
1214,Singapore,SG,English,en,93.0,6036860.0
1215,Singapore,SG,Chinese,zh,77.0,6036860.0
1216,Singapore,SG,Malay,ms,14.0,6036860.0
1217,Singapore,SG,Tamil,ta,2.1,6036860.0
1218,Singapore,SG,Malayalam,ml,0.17,6036860.0
1219,Singapore,SG,Punjabi,pa,0.16,6036860.0
1220,Sint Maarten,SX,English,en,68.0,43350.0
1221,Sint Maarten,SX,Spanish,es,11.0,43350.0
1222,Sint Maarten,SX,Virgin Islands Creole English,vic,6.7,43350.0
1223,Sint Maarten,SX,Dutch,nl,3.4,43350.0
1224,Slovakia,SK,Slovak,sk,90.0,5422069.0
1225,Slovakia,SK,Czech,cs,47.0,5422069.0
1226,Slovakia,SK,English,en,26.0,5422069.0
1227,Slovakia,SK,German,de,22.0,5422069.0
1228,Slovakia,SK,Hungarian,hu,11.0,5422069.0
1229,Slovakia,SK,Ukrainian,uk,1.9,5422069.0
1230,Slovakia,SK,Polish,pl,0.93,5422069.0
1231,Slovenia,SI,Slovenian,sl,87.0,2126324.0
1232,Slovenia,SI,Croatian,hr,61.0,2126324.0
1233,Slovenia,SI,English,en,59.0,2126324.0
1234,Slovenia,SI,German,de,42.0,2126324.0
1235,Slovenia,SI,Venetian,vec,1.4,2126324.0
1236,Slovenia,SI,Hungarian,hu,0.44,2126324.0
1237,Slovenia,SI,Italian,it,0.19,2126324.0
1238,Solomon Islands,SB,English,en,100.0,819198.0
1239,Solomon Islands,SB,Pijin,pis,82.0,819198.0
1240,Solomon Islands,SB,Roviana,rug,1.4,819198.0
1241,Somalia,SO,Somali,so,78.0,19009151.0
1242,Somalia,SO,Arabic,ar,34.0,19009151.0
1243,Somalia,SO,Swahili,sw,2.0,19009151.0
1244,Somalia,SO,Oromo,om,0.42,19009151.0
1245,South Africa,ZA,English,en,31.0,64007187.0
1246,South Africa,ZA,Zulu,zu,24.0,64007187.0
1247,South Africa,ZA,Xhosa,xh,18.0,64007187.0
1248,South Africa,ZA,Afrikaans,af,13.0,64007187.0
1249,South Africa,ZA,Northern Sotho,nso,9.4,64007187.0
1250,South Africa,ZA,Tswana,tn,8.2,64007187.0
1251,South Africa,ZA,Southern Sotho,st,7.9,64007187.0
1252,South Africa,ZA,Tsonga,ts,4.4,64007187.0
1253,South Africa,ZA,Swati,ss,2.7,64007187.0
1254,South Africa,ZA,Venda,ve,2.3,64007187.0
1255,South Africa,ZA,Hindi,hi,2.0,64007187.0
1256,South Africa,ZA,South Ndebele,nr,1.6,64007187.0
1257,South Africa,ZA,Swahili,sw,0.0017,64007187.0
1258,South Georgia & South Sandwich Islands,GS,English,en,100.0,
1259,South Korea,KR,Korean,ko,100.0,51751065.0
1260,South Sudan,SS,Arabic,ar,27.0,11943408.0
1261,South Sudan,SS,English,en,27.0,11943408.0
1262,South Sudan,SS,Nuer,nus,5.6,11943408.0
1263,Spain,ES,Spanish,es,99.0,48807137.0
1264,Spain,ES,English,en,24.0,48807137.0
1265,Spain,ES,Catalan,ca,17.0,48807137.0
1266,Spain,ES,Galician,gl,7.0,48807137.0
1267,Spain,ES,Basque,eu,2.0,48807137.0
1268,Spain,ES,Asturian,ast,1.3,48807137.0
1269,Spain,ES,Extremaduran,ext,0.49,48807137.0
1270,Spain,ES,Aragonese,an,0.052,48807137.0
1271,Spain,ES,Occitan,oc,0.01,48807137.0
1272,Sri Lanka,LK,Sinhala,si,68.0,21916000.0
1273,Sri Lanka,LK,Tamil,ta,15.0,21916000.0
1274,Sri Lanka,LK,English,en,10.0,21916000.0
1275,St. Barthélemy,BL,French,fr,85.0,
1276,St. Helena,SH,English,en,68.0,
1277,St. Kitts & Nevis,KN,English,en,98.0,46843.0
1278,St. Lucia,LC,English,en,90.0,179744.0
1279,St. Martin,MF,French,fr,84.0,26129.0
1280,St. Pierre & Miquelon,PM,French,fr,100.0,
1281,St. Pierre & Miquelon,PM,English,en,3.7,
1282,St. Vincent & Grenadines,VC,English,en,96.0,100616.0
1283,Sudan,SD,Sudanese Arabic,apd,61.0,50448963.0
1284,Sudan,SD,Arabic,ar,61.0,50448963.0
1285,Sudan,SD,English,en,61.0,50448963.0
1286,Sudan,SD,Beja,bej,5.4,50448963.0
1287,Sudan,SD,Fur,fvr,2.7,50448963.0
1288,Sudan,SD,Hausa (Arabic),ha_Arab,1.8,50448963.0
1289,Sudan,SD,Masalit,mls,0.99,50448963.0
1290,Sudan,SD,Nobiin,fia,0.83,50448963.0
1291,Sudan,SD,Zaghawa,zag,0.51,50448963.0
1292,Suriname,SR,Dutch,nl,90.0,634431.0
1293,Suriname,SR,Sranan Tongo,srn,68.0,634431.0
1294,Suriname,SR,Chinese (Traditional),zh_Hant,1.1,634431.0
1295,Suriname,SR,Hmong Njua,hnj,0.36,634431.0
1296,Svalbard & Jan Mayen,SJ,Norwegian Bokmål,nb,51.0,
1297,Svalbard & Jan Mayen,SJ,Russian,ru,41.0,
1298,Sweden,SE,Swedish,sv,95.0,10569709.0
1299,Sweden,SE,English,en,86.0,10569709.0
1300,Sweden,SE,Finnish,fi,2.2,10569709.0
1301,Sweden,SE,Tornedalen Finnish,fit,0.55,10569709.0
1302,Sweden,SE,Northern Sami,se,0.33,10569709.0
1303,Sweden,SE,Tavringer Romani,rmu,0.09,10569709.0
1304,Sweden,SE,Yiddish,yi,0.028,10569709.0
1305,Sweden,SE,Lule Sami,smj,0.014,10569709.0
1306,Sweden,SE,Southern Sami,sma,0.0028,10569709.0
1307,Sweden,SE,Interlingua,ia,0.0,10569709.0
1308,Switzerland,CH,German,de,76.0,9034102.0
1309,Switzerland,CH,Swiss German,gsw,66.0,9034102.0
1310,Switzerland,CH,English,en,45.0,9034102.0
1311,Switzerland,CH,French,fr,39.0,9034102.0
1312,Switzerland,CH,Italian,it,15.0,9034102.0
1313,Switzerland,CH,Lombard,lmo,4.1,9034102.0
1314,Switzerland,CH,Portuguese,pt,3.4,9034102.0
1315,Switzerland,CH,Romansh,rm,0.5,9034102.0
1316,Switzerland,CH,Sinte Romani,rmo,0.29,9034102.0
1317,Switzerland,CH,Walser,wae,0.11,9034102.0
1318,Syria,SY,Levantine Arabic,apc,85.0,24672760.0
1319,Syria,SY,Arabic,ar,80.0,24672760.0
1320,Syria,SY,Kurdish,ku,8.0,24672760.0
1321,Syria,SY,French,fr,5.9,24672760.0
1322,Syria,SY,Armenian,hy,1.8,24672760.0
1323,Syria,SY,Syriac,syr,0.084,24672760.0
1324,Territory,Code,Language,Code,,
1325,Taiwan,TW,Chinese (Traditional),zh_Hant,95.0,
1326,Taiwan,TW,Min Nan Chinese (Traditional),nan_Hant,57.0,
1327,Taiwan,TW,Hakka Chinese (Traditional),hak_Hant,11.0,
1328,Taiwan,TW,Taroko,trv,0.02,
1329,Tajikistan,TJ,Tajik,tg,100.0,10590927.0
1330,Tajikistan,TJ,Russian,ru,12.0,10590927.0
1331,Tajikistan,TJ,Persian,fa,0.78,10590927.0
1332,Tajikistan,TJ,Arabic,ar,0.0096,10590927.0
1333,Tanzania,TZ,Swahili,sw,90.0,68560157.0
1334,Tanzania,TZ,English,en,69.0,68560157.0
1335,Tanzania,TZ,Sukuma,suk,8.7,68560157.0
1336,Tanzania,TZ,Nyamwezi,nym,3.3,68560157.0
1337,Tanzania,TZ,Makonde,kde,2.5,68560157.0
1338,Tanzania,TZ,Bena,bez,1.7,68560157.0
1339,Tanzania,TZ,Shambala,ksb,1.7,68560157.0
1340,Tanzania,TZ,Masai,mas,1.5,68560157.0
1341,Tanzania,TZ,Mbunga,mgy,1.4,68560157.0
1342,Tanzania,TZ,Asu,asa,1.2,68560157.0
1343,Tanzania,TZ,Langi,lag,0.87,68560157.0
1344,Tanzania,TZ,Machame,jmc,0.74,68560157.0
1345,Tanzania,TZ,Rombo,rof,0.74,68560157.0
1346,Tanzania,TZ,Vunjo,vun,0.74,68560157.0
1347,Tanzania,TZ,Rwa,rwk,0.22,68560157.0
1348,Tanzania,TZ,Sangu,sbp,0.2,68560157.0
1349,Thailand,TH,Thai,th,80.0,71668011.0
1350,Thailand,TH,English,en,27.0,71668011.0
1351,Thailand,TH,Northeastern Thai,tts,24.0,71668011.0
1352,Thailand,TH,Northern Thai,nod,9.6,71668011.0
1353,Thailand,TH,Southern Thai,sou,8.0,71668011.0
1354,Thailand,TH,Pattani Malay,mfa,5.0,71668011.0
1355,Thailand,TH,Chinese (Traditional),zh_Hant,1.8,71668011.0
1356,Thailand,TH,Northern Khmer,kxm,1.7,71668011.0
1357,Thailand,TH,Kuy,kdt,0.48,71668011.0
1358,Thailand,TH,Mon,mnw,0.17,71668011.0
1359,Thailand,TH,Hmong Njua,hnj,0.098,71668011.0
1360,Thailand,TH,Shan,shn,0.096,71668011.0
1361,Thailand,TH,Western Lawa,lcp,0.01,71668011.0
1362,Thailand,TH,Eastern Lawa,lwl,0.01,71668011.0
1363,Timor-Leste,TL,Portuguese,pt,59.0,1400638.0
1364,Timor-Leste,TL,Tetum,tet,59.0,1400638.0
1365,Togo,TG,French,fr,41.0,9515236.0
1366,Togo,TG,Ewe,ee,17.0,9515236.0
1367,Togo,TG,Ifè,ife,1.3,9515236.0
1368,Togo,TG,Anii,blo,0.15,9515236.0
1369,Tokelau,TK,Tokelau,tkl,69.0,
1370,Tokelau,TK,English,en,38.0,
1371,Tokelau,TK,Samoan,sm,20.0,
1372,Tonga,TO,Tongan,to,95.0,104175.0
1373,Tonga,TO,English,en,28.0,104175.0
1374,Trinidad & Tobago,TT,English,en,88.0,1368333.0
1375,Trinidad & Tobago,TT,Spanish,es,0.29,1368333.0
1376,Tristan da Cunha,TA,English,en,99.0,
1377,Tunisia,TN,Tunisian Arabic,aeb,90.0,12277109.0
1378,Tunisia,TN,Arabic,ar,90.0,12277109.0
1379,Tunisia,TN,French,fr,53.0,12277109.0
1380,Türkiye,TR,Turkish,tr,93.0,85518661.0
1381,Türkiye,TR,English,en,17.0,85518661.0
1382,Türkiye,TR,Kurdish,ku,5.5,85518661.0
1383,Türkiye,TR,Levantine Arabic,apc,5.2,85518661.0
1384,Türkiye,TR,Zaza,zza,1.4,85518661.0
1385,Türkiye,TR,Kabardian,kbd,0.77,85518661.0
1386,Türkiye,TR,Azeri,az,0.74,85518661.0
1387,Türkiye,TR,Azeri (Arabic),az_Arab,0.65,85518661.0
1388,Türkiye,TR,Arabic,ar,0.56,85518661.0
1389,Türkiye,TR,Balkan Gagauz Turkish,bgx,0.46,85518661.0
1390,Türkiye,TR,Bulgarian,bg,0.42,85518661.0
1391,Türkiye,TR,Adyghe,ady,0.39,85518661.0
1392,Türkiye,TR,Kirmanjki,kiu,0.19,85518661.0
1393,Türkiye,TR,Kara-Kalpak,kaa,0.1,85518661.0
1394,Türkiye,TR,Armenian,hy,0.056,85518661.0
1395,Türkiye,TR,Georgian,ka,0.056,85518661.0
1396,Türkiye,TR,Laz,lzz,0.028,85518661.0
1397,Türkiye,TR,Serbian (Latin),sr_Latn,0.028,85518661.0
1398,Türkiye,TR,Albanian,sq,0.021,85518661.0
1399,Türkiye,TR,Pontic (Latin),pnt_Latn,0.0061,85518661.0
1400,Türkiye,TR,Abkhazian,ab,0.0048,85518661.0
1401,Türkiye,TR,Greek,el,0.0048,85518661.0
1402,Türkiye,TR,Turoyo,tru,0.0036,85518661.0
1403,Türkiye,TR,Uzbek,uz,0.0024,85518661.0
1404,Türkiye,TR,Kyrgyz (Latin),ky_Latn,0.0014,85518661.0
1405,Türkiye,TR,Kazakh,kk,0.0007,85518661.0
1406,Turkmenistan,TM,Turkmen,tk,70.0,7494498.0
1407,Turkmenistan,TM,Russian,ru,12.0,7494498.0
1408,Turkmenistan,TM,Uzbek,uz,9.0,7494498.0
1409,Turkmenistan,TM,Kurdish,ku,0.4,7494498.0
1410,Turkmenistan,TM,Kara-Kalpak,kaa,0.1,7494498.0
1411,Turks & Caicos Islands,TC,English,en,98.0,46535.0
1412,Tuvalu,TV,Tuvalu,tvl,85.0,9646.0
1413,Tuvalu,TV,English,en,9.1,9646.0
1414,Territory,Code,Language,Code,,
1415,U.S. Outlying Islands,UM,English,en,100.0,
1416,U.S. Virgin Islands,VI,English,en,75.0,104377.0
1417,Uganda,UG,Swahili,sw,75.0,50015092.0
1418,Uganda,UG,Ganda,lg,13.0,50015092.0
1419,Uganda,UG,Nyankole,nyn,6.3,50015092.0
1420,Uganda,UG,Chiga,cgg,5.4,50015092.0
1421,Uganda,UG,Soga,xog,5.3,50015092.0
1422,Uganda,UG,English,en,3.9,50015092.0
1423,Uganda,UG,Teso,teo,3.9,50015092.0
1424,Uganda,UG,Lango [Uganda],laj,3.8,50015092.0
1425,Uganda,UG,Acoli,ach,3.7,50015092.0
1426,Uganda,UG,Masaaba,myx,2.9,50015092.0
1427,Uganda,UG,Kinyarwanda,rw,2.1,50015092.0
1428,Uganda,UG,Tooro,ttj,1.9,50015092.0
1429,Uganda,UG,Hindi,hi,0.0045,50015092.0
1430,Ukraine,UA,Ukrainian,uk,65.0,37860221.0
1431,Ukraine,UA,Russian,ru,46.0,37860221.0
1432,Ukraine,UA,Polish,pl,2.4,37860221.0
1433,Ukraine,UA,Yiddish,yi,1.3,37860221.0
1434,Ukraine,UA,Rusyn,rue,1.2,37860221.0
1435,Ukraine,UA,Belarusian,be,0.83,37860221.0
1436,Ukraine,UA,Crimean Tatar,crh,0.56,37860221.0
1437,Ukraine,UA,Romanian,ro,0.52,37860221.0
1438,Ukraine,UA,Bulgarian,bg,0.49,37860221.0
1439,Ukraine,UA,Turkish,tr,0.42,37860221.0
1440,Ukraine,UA,Hungarian,hu,0.37,37860221.0
1441,Ukraine,UA,Greek,el,0.02,37860221.0
1442,United Arab Emirates,AE,Arabic,ar,78.0,10876981.0
1443,United Arab Emirates,AE,English,en,50.0,10876981.0
1444,United Arab Emirates,AE,Malayalam,ml,7.0,10876981.0
1445,United Arab Emirates,AE,Pashto,ps,2.9,10876981.0
1446,United Arab Emirates,AE,Baluchi,bal,2.3,10876981.0
1447,United Arab Emirates,AE,Persian,fa,1.9,10876981.0
1448,United Kingdom,GB,English,en,98.0,69226000.0
1449,United Kingdom,GB,French,fr,17.0,69226000.0
1450,United Kingdom,GB,German,de,9.0,69226000.0
1451,United Kingdom,GB,Spanish,es,8.0,69226000.0
1452,United Kingdom,GB,Polish,pl,4.0,69226000.0
1453,United Kingdom,GB,Punjabi,pa,3.6,69226000.0
1454,United Kingdom,GB,Urdu,ur,3.5,69226000.0
1455,United Kingdom,GB,Tamil,ta,3.2,69226000.0
1456,United Kingdom,GB,Gujarati,gu,2.9,69226000.0
1457,United Kingdom,GB,Scots,sco,2.5,69226000.0
1458,United Kingdom,GB,Welsh,cy,1.3,69226000.0
1459,United Kingdom,GB,Romanian,ro,0.8,69226000.0
1460,United Kingdom,GB,Bangla,bn,0.4,69226000.0
1461,United Kingdom,GB,Arabic,ar,0.3,69226000.0
1462,United Kingdom,GB,Chinese (Traditional),zh_Hant,0.3,69226000.0
1463,United Kingdom,GB,Italian,it,0.2,69226000.0
1464,United Kingdom,GB,Lithuanian,lt,0.2,69226000.0
1465,United Kingdom,GB,Portuguese,pt,0.2,69226000.0
1466,United Kingdom,GB,Somali,so,0.2,69226000.0
1467,United Kingdom,GB,Turkish,tr,0.2,69226000.0
1468,United Kingdom,GB,Irish,ga,0.15,69226000.0
1469,United Kingdom,GB,Scottish Gaelic,gd,0.11,69226000.0
1470,United Kingdom,GB,Cornish,kw,0.0029,69226000.0
1471,United Kingdom,GB,English (Shavian),en_Shaw,0.0,69226000.0
1472,United States,US,English,en,96.0,340110988.0
1473,United States,US,Spanish,es,9.6,340110988.0
1474,United States,US,Chinese (Traditional),zh_Hant,0.69,340110988.0
1475,United States,US,French,fr,0.56,340110988.0
1476,United States,US,German,de,0.47,340110988.0
1477,United States,US,Filipino,fil,0.42,340110988.0
1478,United States,US,Italian,it,0.34,340110988.0
1479,United States,US,Vietnamese,vi,0.34,340110988.0
1480,United States,US,Korean,ko,0.3,340110988.0
1481,United States,US,Russian,ru,0.24,340110988.0
1482,United States,US,Navajo,nv,0.05,340110988.0
1483,United States,US,Yiddish,yi,0.049,340110988.0
1484,United States,US,Pennsylvania German,pdc,0.039,340110988.0
1485,United States,US,Hmong Njua,hnj,0.035,340110988.0
1486,United States,US,Hawaiian,haw,0.0089,340110988.0
1487,United States,US,Cajun French,frc,0.0084,340110988.0
1488,United States,US,Cherokee,chr,0.0077,340110988.0
1489,United States,US,Central Yupik,esu,0.0063,340110988.0
1490,United States,US,Dakota,dak,0.0059,340110988.0
1491,United States,US,Choctaw,cho,0.0033,340110988.0
1492,United States,US,Lakota,lkt,0.0024,340110988.0
1493,United States,US,Inupiaq,ik,0.0023,340110988.0
1494,United States,US,Muscogee,mus,0.0012,340110988.0
1495,United States,US,Caddo,cad,0.0,340110988.0
1496,United States,US,Chickasaw,cic,0.0,340110988.0
1497,United States,US,Ido,io,0.0,340110988.0
1498,United States,US,Lojban,jbo,0.0,340110988.0
1499,United States,US,Osage,osa,0.0,340110988.0
1500,Uruguay,UY,Spanish,es,88.0,3386588.0
1501,Uzbekistan,UZ,Uzbek,uz,85.0,36361859.0
1502,Uzbekistan,UZ,Uzbek (Cyrillic),uz_Cyrl,15.0,36361859.0
1503,Uzbekistan,UZ,Russian,ru,14.0,36361859.0
1504,Uzbekistan,UZ,Kara-Kalpak,kaa,2.1,36361859.0
1505,Uzbekistan,UZ,Turkish,tr,0.62,36361859.0
1506,Territory,Code,Language,Code,,
1507,Vanuatu,VU,Bislama,bi,90.0,327777.0
1508,Vanuatu,VU,English,en,83.0,327777.0
1509,Vanuatu,VU,French,fr,31.0,327777.0
1510,Vatican City,VA,Italian,it,82.0,
1511,Vatican City,VA,Latin,la,82.0,
1512,Venezuela,VE,Spanish,es,82.0,28405543.0
1513,Venezuela,VE,Nheengatu,yrl,0.0064,28405543.0
1514,Vietnam,VN,Vietnamese,vi,86.0,100987686.0
1515,Vietnam,VN,Chinese (Traditional),zh_Hant,1.1,100987686.0
1516,Vietnam,VN,Tai Dam,blt,0.69,100987686.0
1517,Vietnam,VN,Hmong Njua,hnj,0.17,100987686.0
1518,Vietnam,VN,Eastern Cham,cjm,0.089,100987686.0
1519,Territory,Code,Language,Code,,
1520,Wallis & Futuna,WF,French,fr,83.0,
1521,Wallis & Futuna,WF,Wallisian,wls,59.0,
1522,Wallis & Futuna,WF,East Futuna,fud,30.0,
1523,Western Sahara,EH,Arabic,ar,100.0,
1524,Territory,Code,Language,Code,,
1525,Yemen,YE,Arabic,ar,74.0,40583164.0
1526,Yemen,YE,English,en,9.0,40583164.0
1527,Territory,Code,Language,Code,,
1528,Zambia,ZM,Bemba,bem,34.0,21314956.0
1529,Zambia,ZM,Nyanja,ny,19.0,21314956.0
1530,Zambia,ZM,English,en,16.0,21314956.0
1531,Zambia,ZM,Tonga [Zambia],toi,11.0,21314956.0
1532,Zambia,ZM,Lozi,loz,5.5,21314956.0
1533,Zambia,ZM,Nsenga,nse,3.0,21314956.0
1534,Zambia,ZM,Lala-Bisa,leb,2.8,21314956.0
1535,Zambia,ZM,Tumbuka,tum,2.6,21314956.0
1536,Zambia,ZM,Kaonde,kqn,1.9,21314956.0
1537,Zambia,ZM,Lunda,lun,1.9,21314956.0
1538,Zambia,ZM,Luvale,lue,1.5,21314956.0
1539,Zimbabwe,ZW,Shona,sn,81.0,16634373.0
1540,Zimbabwe,ZW,English,en,42.0,16634373.0
1541,Zimbabwe,ZW,North Ndebele,nd,12.0,16634373.0
1542,Zimbabwe,ZW,Manyika,mxc,6.5,16634373.0
1543,Zimbabwe,ZW,Ndau,ndc,6.1,16634373.0
1544,Zimbabwe,ZW,Kalanga,kck,5.3,16634373.0
1545,Zimbabwe,ZW,Nyanja,ny,1.9,16634373.0
1546,Zimbabwe,ZW,Venda,ve,0.64,16634373.0
1547,Zimbabwe,ZW,Tswana,tn,0.22,16634373.0
