a,b,country_a,country_b,same_country,n_items,items,opposing
'Ndrina Pesce,Commisso 'ndrina,Italy,Italy,True,8,"[""'Ndrina Alvaro"", ""'Ndrina Cataldo"", ""'Ndrina Ierinò"", ""'Ndrina Mazzaferro"", ""'Ndrina Molè"", ""'Ndrina Piromalli"", ""Aquino 'ndrina"", 'Gulf Cartel']","[""'Ndrina Piromalli""]"
Cleveland crime family,Patriarca crime family,United States,United States,True,8,"['Bufalino crime family', 'Chicago Outfit', 'DeCavalcante crime family', 'Detroit Partnership', 'Gambino crime family', 'Genovese crime family', 'Hells Angels Motorcycle Club', 'Los Angeles crime family']",[]
Chicago Outfit,DeCavalcante crime family,United States,United States,True,7,"['Bonanno crime family', 'Cleveland crime family', 'Colombo crime family', 'Gambino crime family', 'Genovese crime family', 'Lucchese crime family', 'Patriarca crime family']",['Gambino crime family']
DeCavalcante crime family,Detroit Partnership,United States,United States,True,7,"['Bonanno crime family', 'Cleveland crime family', 'Colombo crime family', 'Gambino crime family', 'Genovese crime family', 'Patriarca crime family', 'Philadelphia crime family']",['Gambino crime family']
Detroit Partnership,Hells Angels Motorcycle Club,United States,United States,True,7,"['Bufalino crime family', 'Buffalo crime family', 'Cleveland crime family', 'Gambino crime family', 'Genovese crime family', 'Los Angeles crime family', 'Patriarca crime family']",[]
Los Angeles crime family,Pittsburgh crime family,United States,United States,True,7,"['Bufalino crime family', 'Chicago Outfit', 'Cleveland crime family', 'Detroit Partnership', 'Genovese crime family', 'Kansas City crime family', 'San Jose crime family']",['Cleveland crime family']
Bonanno crime family,Pittsburgh crime family,United States,United States,True,7,"['Chicago Outfit', 'Detroit Partnership', 'Genovese crime family', 'Philadelphia crime family', 'Rochester crime family', 'San Jose crime family', 'Trafficante crime family']",['Genovese crime family']
'Ndrina Morabito,'Ndrina Pesce,Italy,Italy,True,6,"[""'Ndrina Cataldo"", ""'Ndrina Mancuso"", ""'Ndrina Mazzaferro"", ""Aquino 'ndrina"", 'Basilischi', 'Clan dei Casalesi']",[]
'Ndrangheta,Mara Salvatrucha,Italy,United States,False,6,"['Big Circle Gang', 'Cártel de Jalisco Nueva Generación', 'Gulf Cartel', 'Los Zetas', 'Sinaloa Cartel', 'Tren de Aragua']",['Los Zetas']
Primeiro Comando da Capital,Sinaloa Cartel,Brazil,Mexico,False,6,"[""'Ndrangheta"", 'Cártel de Jalisco Nueva Generación', 'Hezbollah', 'Los Choneros', 'Revolutionary Armed Forces of Colombia', 'Yakuza']",['Cártel de Jalisco Nueva Generación']
Cleveland crime family,Outlaws Motorcycle Club,United States,United States,True,6,"['American Mafia', 'Chicago Outfit', 'Detroit Partnership', 'Genovese crime family', 'New Orleans crime family', 'Pittsburgh crime family']",['Pittsburgh crime family']
Cleveland crime family,Trafficante crime family,United States,United States,True,6,"['Chicago Outfit', 'Detroit Partnership', 'Gambino crime family', 'Genovese crime family', 'New Orleans crime family', 'Pittsburgh crime family']",['Pittsburgh crime family']
New Orleans crime family,Patriarca crime family,United States,United States,True,6,"['Chicago Outfit', 'Detroit Partnership', 'Gambino crime family', 'Genovese crime family', 'Los Angeles crime family', 'Philadelphia crime family']",['Chicago Outfit']
Genovese crime family,San Jose crime family,United States,United States,True,6,"['Bonanno crime family', 'Chicago Outfit', 'Dallas crime family', 'Hells Angels Motorcycle Club', 'Los Angeles crime family', 'Pittsburgh crime family']",['Bonanno crime family']
Bufalino crime family,New Orleans crime family,United States,United States,True,6,"['Buffalo crime family', 'Cleveland crime family', 'Detroit Partnership', 'Genovese crime family', 'Los Angeles crime family', 'Philadelphia crime family']",['Genovese crime family']
Detroit Partnership,Kansas City crime family,United States,United States,True,6,"['Chicago Outfit', 'Cleveland crime family', 'Los Angeles crime family', 'New Orleans crime family', 'Pittsburgh crime family', 'St. Louis crime family']",[]
Genovese crime family,Kansas City crime family,United States,United States,True,6,"['Chicago Outfit', 'Cleveland crime family', 'Dallas crime family', 'Los Angeles crime family', 'New Orleans crime family', 'Pittsburgh crime family']",[]
'Ndrina Cataldo,Aquino 'ndrina,Italy,Italy,True,6,"[""'Ndrina Cordì"", ""'Ndrina Ierinò"", ""'Ndrina Lo Presti"", ""'Ndrina Morabito"", ""'Ndrina Pesce"", ""Commisso 'ndrina""]","[""'Ndrina Cordì""]"
Dallas crime family,Los Angeles crime family,United States,United States,True,6,"['Chicago Outfit', 'Genovese crime family', 'Kansas City crime family', 'New Orleans crime family', 'San Francisco crime family', 'San Jose crime family']",[]
Clan Russo dei Quartieri Spagnoli,Nuova Famiglia,Italy,Italy,True,5,"['Cesarano clan', 'Clan Fabbrocino', 'Clan Mazzarella', 'Clan Misso', 'Moccia clan']",['Clan Fabbrocino']
'Ndrangheta,Cali Cartel,Italy,Colombia,False,5,"['Big Circle Gang', 'Camorra', 'Cuntrera-Caruana Mafia clan', 'Gulf Cartel', 'Sinaloa Cartel']",[]
'Ndrangheta,Mexican Mafia,Italy,United States,False,5,"['American Mafia', 'Gambino crime family', 'Gulf Cartel', 'Hells Angels Motorcycle Club', 'Sinaloa Cartel']",['Hells Angels Motorcycle Club']
'Ndrangheta,Oficina de Envigado,Italy,Colombia,False,5,"['American Mafia', 'Autodefensas Unidas de Colombia', 'Clan del Golfo', 'Los Zetas', 'Sinaloa Cartel']",['Clan del Golfo']
'Ndrangheta,West End Gang,Italy,Canada,False,5,"['American Mafia', 'Hells Angels Motorcycle Club', 'Rizzuto crime family', ""Satan's Choice Motorcycle Club"", 'Sinaloa Cartel']",[]
American Mafia,Cali Cartel,United States,Colombia,False,5,"['Big Circle Gang', 'Camorra', 'Martinez Familia Sangeros', 'Sinaloa Cartel', 'West End Gang']",[]
American Mafia,Cártel de Jalisco Nueva Generación,United States,Mexico,False,5,"[""'Ndrangheta"", 'Camorra', 'Sinaloa Cartel', 'Tren de Aragua', 'Yakuza']",['Sinaloa Cartel']
Autodefensas Unidas de Colombia,Los Zetas,Colombia,Mexico,False,5,"[""'Ndrangheta"", 'Cartel del Norte del Valle', 'Los Rastrojos', 'Oficina de Envigado', 'Sinaloa Cartel']",['Sinaloa Cartel']
Cartel del Norte del Valle,Clan del Golfo,Colombia,Colombia,True,5,"['Cártel de Jalisco Nueva Generación', 'Los Cachiros', 'Los Rastrojos', 'Los Zetas', 'Sinaloa Cartel']",['Los Rastrojos']
Cartel del Norte del Valle,Oficina de Envigado,Colombia,Colombia,True,5,"['Autodefensas Unidas de Colombia', 'Los Pepes', 'Los Rastrojos', 'Los Zetas', 'Sinaloa Cartel']",[]
Cartel del Norte del Valle,Revolutionary Armed Forces of Colombia,Colombia,Colombia,True,5,"['Cártel de Jalisco Nueva Generación', 'Hezbollah', 'Los Rastrojos', 'Sinaloa Cartel', 'Tijuana Cartel']",['Los Rastrojos']
Hells Angels Motorcycle Club,Latin Kings,United States,United States,True,5,"['American Mafia', 'Diablos Motorcycle Club', 'Gambino crime family', 'Genovese crime family', 'Sinaloa Cartel']",['Diablos Motorcycle Club']
Latin Kings,Mexican Mafia,United States,United States,True,5,"['18th Street Gang', 'American Mafia', 'Gambino crime family', 'Gulf Cartel', 'Sinaloa Cartel']",[]
Camorra,Clan del Golfo,Italy,Colombia,False,5,"[""'Ndrangheta"", 'Cártel de Jalisco Nueva Generación', 'Kinahan Organised Crime Group', 'Sicilian Mafia', 'Tren de Aragua']",['Tren de Aragua']
Cartel del Norte del Valle,Guerreros Unidos,Colombia,Mexico,False,5,"['Beltrán-Leyva Organization', 'Cártel de Jalisco Nueva Generación', 'Juárez Cartel', 'Los Zetas', 'Tijuana Cartel']",['Cártel de Jalisco Nueva Generación']
Gulf Cartel,Tren de Aragua,Mexico,Venezuela,False,5,"[""'Ndrangheta"", 'Camorra', 'Cártel de Jalisco Nueva Generación', 'La Línea', 'Mara Salvatrucha']",['Cártel de Jalisco Nueva Generación']
Martinez Familia Sangeros,Sinaloa Cartel,Puerto Rico,Mexico,False,5,"['American Mafia', 'Cali Cartel', 'Guadalajara Cartel', 'Gulf Cartel', 'Latin Kings']",['Gulf Cartel']
'Ndrina De Stefano,'Ndrina Morabito,Italy,Italy,True,5,"[""'Ndrina Cataldo"", ""'Ndrina Codispoti"", ""'Ndrina Mancuso"", ""'Ndrina Mazzaferro"", 'Camorra']",[]
DeCavalcante crime family,Los Angeles crime family,United States,United States,True,5,"['Cleveland crime family', 'Colombo crime family', 'Gambino crime family', 'Genovese crime family', 'Patriarca crime family']",['Gambino crime family']
Detroit Partnership,Pagan's Motorcycle Club,United States,United States,True,5,"['Gambino crime family', 'Genovese crime family', 'Outlaws Motorcycle Club', 'Philadelphia crime family', 'Pittsburgh crime family']",['Outlaws Motorcycle Club']
Hells Angels Motorcycle Club,New Orleans crime family,United States,United States,True,5,"['Buffalo crime family', 'Cleveland crime family', 'Gambino crime family', 'Genovese crime family', 'Los Angeles crime family']",[]
Los Angeles crime family,Trafficante crime family,United States,United States,True,5,"['Chicago Outfit', 'Detroit Partnership', 'Gambino crime family', 'Genovese crime family', 'New Orleans crime family']",[]
Patriarca crime family,Trafficante crime family,United States,United States,True,5,"['Bonanno crime family', 'Chicago Outfit', 'Detroit Partnership', 'Gambino crime family', 'Genovese crime family']",[]
Gambino crime family,Sinaloa Cartel,United States,Mexico,False,5,"[""'Ndrangheta"", 'Crips', 'Hells Angels Motorcycle Club', 'Latin Kings', 'Mexican Mafia']",[]
Rizzuto crime family,Sinaloa Cartel,Canada,Mexico,False,5,"[""'Ndrangheta"", 'Hells Angels Motorcycle Club', 'Independent Soldiers', 'West End Gang', 'Wolfpack Alliance']",['Wolfpack Alliance']
Clan Cappello,Clan dei Casalesi,Italy,Italy,True,5,"[""'Ndrangheta"", ""'Ndrina Bellocco"", ""'Ndrina Giuliano"", 'Alfieri clan', 'Mallardo clan']",['Alfieri clan']
Bufalino crime family,DeCavalcante crime family,United States,United States,True,5,"['Cleveland crime family', 'Colombo crime family', 'Genovese crime family', 'Patriarca crime family', 'Philadelphia crime family']",['Genovese crime family']
Los Angeles crime family,St. Louis crime family,United States,United States,True,5,"['Chicago Outfit', 'Cleveland crime family', 'Colorado crime family', 'Detroit Partnership', 'Kansas City crime family']",[]
New Orleans crime family,St. Louis crime family,United States,United States,True,5,"['Chicago Outfit', 'Cleveland crime family', 'Colorado crime family', 'Detroit Partnership', 'Kansas City crime family']",['Chicago Outfit']
'Ndrina Cataldo,'Ndrina Mancuso,Italy,Italy,True,5,"[""'Ndrina Barbaro"", ""'Ndrina De Stefano"", ""'Ndrina Mazzaferro"", ""'Ndrina Morabito"", ""'Ndrina Pesce""]",[]
'Ndrina Molè,Aquino 'ndrina,Italy,Italy,True,5,"[""'Ndrina Alvaro"", ""'Ndrina Bellocco"", ""'Ndrina Pesce"", ""'Ndrina Piromalli"", ""Commisso 'ndrina""]",[]
Patriarca crime family,Pittsburgh crime family,United States,United States,True,5,"['Bufalino crime family', 'Chicago Outfit', 'Detroit Partnership', 'Genovese crime family', 'Philadelphia crime family']",[]
Bonanno crime family,Dallas crime family,United States,United States,True,5,"['Chicago Outfit', 'Genovese crime family', 'San Francisco crime family', 'San Jose crime family', 'Trafficante crime family']",['Genovese crime family']
Dallas crime family,Pittsburgh crime family,United States,United States,True,5,"['Chicago Outfit', 'Genovese crime family', 'Kansas City crime family', 'San Jose crime family', 'Trafficante crime family']",[]
Dallas crime family,Detroit Partnership,United States,United States,True,5,"['Chicago Outfit', 'Genovese crime family', 'New Orleans crime family', 'San Francisco crime family', 'Trafficante crime family']",[]
Los Angeles crime family,Outlaws Motorcycle Club,United States,United States,True,5,"['Buffalo crime family', 'Chicago Outfit', 'Detroit Partnership', 'Genovese crime family', 'New Orleans crime family']",['Buffalo crime family']
Lucchese crime family New Jersey faction,Patriarca crime family,United States,United States,True,5,"['Bonanno crime family', 'Colombo crime family', 'DeCavalcante crime family', 'Genovese crime family', 'Philadelphia crime family']",['Philadelphia crime family']
Outlaws Motorcycle Club,Trafficante crime family,United States,United States,True,5,"['Chicago Outfit', 'Detroit Partnership', 'Genovese crime family', 'New Orleans crime family', 'Pittsburgh crime family']",[]
Cleveland crime family,Colorado crime family,United States,United States,True,5,"['Chicago Outfit', 'Kansas City crime family', 'Los Angeles crime family', 'New Orleans crime family', 'St. Louis crime family']",[]
Colorado crime family,Detroit Partnership,United States,United States,True,5,"['Bonanno crime family', 'Chicago Outfit', 'Los Angeles crime family', 'New Orleans crime family', 'St. Louis crime family']",[]
Detroit Partnership,San Jose crime family,United States,United States,True,5,"['Bonanno crime family', 'Chicago Outfit', 'Los Angeles crime family', 'Pittsburgh crime family', 'San Francisco crime family']",[]
Genovese crime family,San Francisco crime family,United States,United States,True,5,"['Bonanno crime family', 'Chicago Outfit', 'Dallas crime family', 'Detroit Partnership', 'Los Angeles crime family']",['Bonanno crime family']
'Ndrina Lo Presti,'Ndrina Pesce,Italy,Italy,True,5,"[""'Ndrina Alvaro"", ""'Ndrina Cataldo"", ""'Ndrina Ierinò"", ""'Ndrina Mazzaferro"", ""Aquino 'ndrina""]",[]
'Ndrina Morabito,Commisso 'ndrina,Italy,Italy,True,5,"[""'Ndrina Cataldo"", ""'Ndrina Lo Presti"", ""'Ndrina Mandalari"", ""'Ndrina Mazzaferro"", ""Aquino 'ndrina""]",[]
'Ndrina De Stefano,'Ndrina Lo Presti,Italy,Italy,True,5,"[""'Ndrina Alvaro"", ""'Ndrina Cataldo"", ""'Ndrina Mazzaferro"", ""'Ndrina Tripodo"", ""'Ndrina Zito""]","[""'Ndrina Tripodo""]"
'Ndrangheta,Clan Nuvoletta,Italy,Italy,True,4,"['Clan Fabbrocino', 'Clan Licciardi', 'Clan dei Casalesi', 'Corleonesi']",['Clan dei Casalesi']
'Ndrangheta,Catania Mafia family,Italy,Italy,True,4,"['Camorra', 'Clan Mazzarella', 'Clan dei Casalesi', 'Corleonesi']",[]
'Ndrangheta,Mallardo clan,Italy,Italy,True,4,"['Clan Cappello', 'Clan Licciardi', 'Clan dei Casalesi', 'Polverino clan']",[]
'Ndrina Bellocco,'Ndrina Mancuso,Italy,Italy,True,4,"[""'Ndrina Pesce"", ""'Ndrina Piromalli"", ""'Ndrina Varone"", 'Clan dei Casalesi']","[""'Ndrina Pesce""]"
'Ndrina Giuliano,Mallardo clan,Italy,Italy,True,4,"['Clan Cappello', 'Clan Di Lauro', 'Clan Licciardi', 'Clan dei Casalesi']",['Clan Licciardi']
'Ndrangheta,Cartel del Norte del Valle,Italy,Colombia,False,4,"['Autodefensas Unidas de Colombia', 'Cártel de Jalisco Nueva Generación', 'Los Zetas', 'Sinaloa Cartel']",[]
'Ndrangheta,Hezbollah,Italy,Lebanon,False,4,"['Kinahan Organised Crime Group', 'Los Zetas', 'Primeiro Comando da Capital', 'Sinaloa Cartel']",[]
'Ndrangheta,Latin Kings,Italy,United States,False,4,"['American Mafia', 'Gambino crime family', 'Gulf Cartel', 'Sinaloa Cartel']",[]
'Ndrangheta,Los Rastrojos,Italy,Colombia,False,4,"['Autodefensas Unidas de Colombia', 'Clan del Golfo', 'Los Zetas', 'Sinaloa Cartel']",['Clan del Golfo']
'Ndrangheta,Revolutionary Armed Forces of Colombia,Italy,Colombia,False,4,"['Cártel de Jalisco Nueva Generación', 'ETA', 'Primeiro Comando da Capital', 'Sinaloa Cartel']",[]
'Ndrangheta,Yakuza,Italy,Japan,False,4,"['American Mafia', 'Cártel de Jalisco Nueva Generación', 'Primeiro Comando da Capital', 'Sinaloa Cartel']",[]
American Mafia,Kinahan Organised Crime Group,United States,Ireland,False,4,"[""'Ndrangheta"", 'Camorra', 'Hells Angels Motorcycle Club', 'Sinaloa Cartel']",[]
American Mafia,Los Zetas,United States,Mexico,False,4,"[""'Ndrangheta"", 'Oficina de Envigado', 'Sicilian Mafia', 'Sinaloa Cartel']",['Sinaloa Cartel']
American Mafia,Mara Salvatrucha,United States,United States,True,4,"['Big Circle Gang', 'Mexican Mafia', 'Sinaloa Cartel', 'Tren de Aragua']",['Mexican Mafia']
Beltrán-Leyva Organization,Guadalajara Cartel,Mexico,Mexico,True,4,"['Cartel del Norte del Valle', 'Juárez Cartel', 'Sinaloa Cartel', 'Tijuana Cartel']",['Sinaloa Cartel']
Cali Cartel,La Familia Michoacana,Colombia,Mexico,False,4,"['Gulf Cartel', 'Juárez Cartel', 'Sinaloa Cartel', 'Tijuana Cartel']",['Gulf Cartel']
Cartel de Medellín,Cártel de Colima,Colombia,Mexico,False,4,"['Guadalajara Cartel', 'Milenio Cartel', 'Sinaloa Cartel', 'Sonora Cartel']",[]
Clan del Golfo,Hells Angels Motorcycle Club,Colombia,United States,False,4,"[""'Ndrangheta"", 'Brothers Keepers', 'Kinahan Organised Crime Group', 'Sinaloa Cartel']",[]
Cártel de Jalisco Nueva Generación,Hezbollah,Mexico,Lebanon,False,4,"['Cartel del Norte del Valle', 'Primeiro Comando da Capital', 'Revolutionary Armed Forces of Colombia', 'Sinaloa Cartel']",['Sinaloa Cartel']
Cártel de Jalisco Nueva Generación,Kinahan Organised Crime Group,Mexico,Ireland,False,4,"[""'Ndrangheta"", 'Camorra', 'Clan del Golfo', 'Sinaloa Cartel']",['Sinaloa Cartel']
Hezbollah,Los Rastrojos,Lebanon,Colombia,False,4,"['Cartel del Norte del Valle', 'Los Zetas', 'Revolutionary Armed Forces of Colombia', 'Sinaloa Cartel']",['Revolutionary Armed Forces of Colombia']
Hezbollah,Tijuana Cartel,Lebanon,Mexico,False,4,"['Cartel del Norte del Valle', 'Los Zetas', 'Revolutionary Armed Forces of Colombia', 'Sinaloa Cartel']",['Sinaloa Cartel']
Juárez Cartel,Sonora Cartel,Mexico,Mexico,True,4,"['Cali Cartel', 'Cartel de Medellín', 'Guadalajara Cartel', 'Sinaloa Cartel']",['Sinaloa Cartel']
Kinahan Organised Crime Group,Los Zetas,Ireland,Mexico,False,4,"[""'Ndrangheta"", 'Clan del Golfo', 'Hezbollah', 'Sinaloa Cartel']",['Sinaloa Cartel']
Los Cachiros,Los Zetas,Honduras,Mexico,False,4,"['Cartel del Norte del Valle', 'Clan del Golfo', 'Los Rastrojos', 'Sinaloa Cartel']",['Sinaloa Cartel']
Brothers Keepers,Sinaloa Cartel,Canada,Mexico,False,4,"['Clan del Golfo', 'Hells Angels Motorcycle Club', 'Independent Soldiers', 'Wolfpack Alliance']",['Wolfpack Alliance']
Ejército Revolucionario Popular Antisubversivo de Colombia,Sinaloa Cartel,Colombia,Mexico,False,4,"['Clan del Golfo', 'Los Rastrojos', 'Oficina de Envigado', 'Popular Liberation Army']",['Clan del Golfo']
'Ndrangheta,La Línea,Italy,Mexico,False,4,"['Cártel de Jalisco Nueva Generación', 'Gulf Cartel', 'Los Zetas', 'Tren de Aragua']",[]
Clan del Golfo,Primeiro Comando da Capital,Colombia,Brazil,False,4,"[""'Ndrangheta"", 'Cártel de Jalisco Nueva Generación', 'Los Choneros', 'Tren de Aragua']",['Tren de Aragua']
La Línea,Mara Salvatrucha,Mexico,United States,False,4,"['Cártel de Jalisco Nueva Generación', 'Gulf Cartel', 'Los Zetas', 'Tren de Aragua']",['Los Zetas']
Cuntrera-Caruana Mafia clan,Hells Angels Motorcycle Club,Italy,United States,False,4,"[""'Ndrangheta"", 'Gambino crime family', 'Musitano crime family', 'Rizzuto crime family']",[]
Musitano crime family,Wolfpack Alliance,Canada,Canada,True,4,"['Hells Angels Motorcycle Club', 'Independent Soldiers', 'Rizzuto crime family', 'West End Gang']",['Independent Soldiers']
'Ndrangheta,Nuova Mala del Brenta,Italy,Italy,True,4,"['American Mafia', 'Camorra', 'Nuova Camorra Organizzata', 'Stidda']",[]
Armenian Power,Sinaloa Cartel,United States,Mexico,False,4,"['American Mafia', 'Los Cachiros', 'Mexican Mafia', 'Vineland Boys']",[]
Aryan Brotherhood,Cleveland crime family,United States,United States,True,4,"['American Mafia', 'Chicago Outfit', 'Gambino crime family', 'Hells Angels Motorcycle Club']",['Hells Angels Motorcycle Club']
Aryan Brotherhood,Pagan's Motorcycle Club,United States,United States,True,4,"['American Mafia', 'Gambino crime family', 'Philadelphia crime family', 'The Covenant, the Sword, and the Arm of the Lord']",[]
Big Circle Gang,Sinaloa Cartel,China,Mexico,False,4,"[""'Ndrangheta"", 'American Mafia', 'Cali Cartel', 'Mara Salvatrucha']",[]
Cleveland crime family,Mexican Mafia,United States,United States,True,4,"['American Mafia', 'Gambino crime family', 'Hells Angels Motorcycle Club', 'Los Angeles crime family']",['Hells Angels Motorcycle Club']
Cleveland crime family,Pagan's Motorcycle Club,United States,United States,True,4,"['American Mafia', 'Gambino crime family', 'Genovese crime family', 'Pittsburgh crime family']",['Pittsburgh crime family']
Hells Angels Motorcycle Club,Sicilian Mafia,United States,Italy,False,4,"[""'Ndrangheta"", 'American Mafia', 'Buffalo crime family', 'Gambino crime family']","[""'Ndrangheta""]"
Loners Motorcycle Club,Pagan's Motorcycle Club,Canada,United States,False,4,"['American Mafia', 'Mongols MC', 'Outlaws Motorcycle Club', 'Rock Machine Motorcycle Club']",['Outlaws Motorcycle Club']
Sacra Corona Unita,Sicilian Mafia,Italy,Italy,True,4,"[""'Ndrangheta"", 'American Mafia', 'Camorra', 'Polverino clan']","[""'Ndrangheta""]"
Clan Di Lauro,Commisso 'ndrina,Italy,Italy,True,4,"['Clan Licciardi', 'Contini clan', 'Mallardo clan', 'Secondigliano Alliance']",[]
American Mafia,Corleonesi,United States,Italy,False,4,"[""'Ndrangheta"", 'Camorra', 'Greco Mafia clan', 'Sicilian Mafia']",['Sicilian Mafia']
Banda della Magliana,Corleonesi,Italy,Italy,True,4,"[""'Ndrangheta"", 'Camorra', 'Clan Lubrano-Ligato', 'Sicilian Mafia']",['Sicilian Mafia']
Gambino crime family,Solntsevskaya Bratva,United States,Russia,False,4,"[""'Ndrangheta"", 'Cuntrera-Caruana Mafia clan', 'Genovese crime family', 'Sicilian Mafia']",['Genovese crime family']
Clan Cappello,Sacra Corona Unita,Italy,Italy,True,4,"[""'Ndrangheta"", ""'Ndrina Bellocco"", ""'Ndrina Pelle"", 'Camorra']",[]
Cali Cartel,Rizzuto crime family,Colombia,Canada,False,4,"['Big Circle Gang', 'Cuntrera-Caruana Mafia clan', 'Hells Angels MC Montreal chapter', 'West End Gang']",[]
Gambino crime family,Rizzuto crime family,United States,Canada,False,4,"[""'Ndrangheta"", 'Bonanno crime family', 'Cuntrera-Caruana Mafia clan', 'Hells Angels Motorcycle Club']",['Bonanno crime family']
American Mafia,Rizzuto crime family,United States,Canada,False,4,"[""'Ndrangheta"", 'Big Circle Gang', 'Hells Angels Motorcycle Club', 'West End Gang']",[]
Bonde do Maluco,Bonde dos 40,Brazil,Brazil,True,4,"['Guardiões do Estado', 'Primeiro Comando da Capital', 'Sindicato do Crime do Rio Grande do Norte', 'Terceiro Comando Puro']",['Primeiro Comando da Capital']
Clan Di Lauro,Nuova Famiglia,Italy,Italy,True,4,"[""'Ndrina Giuliano"", ""Clan D'Alessandro"", 'Clan Mazzarella', 'Contini clan']",[]
116th Street Crew,Chicago Outfit,United States,United States,True,4,"['Bonanno crime family', 'Colombo crime family', 'Gambino crime family', 'Lucchese crime family']",[]
116th Street Crew,DeCavalcante crime family,United States,United States,True,4,"['Bonanno crime family', 'Colombo crime family', 'Gambino crime family', 'Lucchese crime family']",['Gambino crime family']
116th Street Crew,Greenwich Village Crew,United States,United States,True,4,"['Bonanno crime family', 'Colombo crime family', 'Gambino crime family', 'Lucchese crime family']",[]
Aryan Brotherhood,Patriarca crime family,United States,United States,True,4,"['Chicago Outfit', 'Gambino crime family', 'Hells Angels Motorcycle Club', 'Philadelphia crime family']",['Hells Angels Motorcycle Club']
Chicago Outfit,Greenwich Village Crew,United States,United States,True,4,"['Bonanno crime family', 'Colombo crime family', 'Gambino crime family', 'Lucchese crime family']",[]
Chicago Outfit,Lucchese crime family Brooklyn faction,United States,United States,True,4,"['Bonanno crime family', 'Colombo crime family', 'Gambino crime family', 'Genovese crime family']",[]
Chicago Outfit,Pagan's Motorcycle Club,United States,United States,True,4,"['Gambino crime family', 'Genovese crime family', 'Outlaws Motorcycle Club', 'Pittsburgh crime family']",['Outlaws Motorcycle Club']
Chicago Outfit,Sicilian Mafia,United States,Italy,False,4,"['Bonanno crime family', 'Buffalo crime family', 'Detroit Partnership', 'Gambino crime family']",['Buffalo crime family']
DeCavalcante crime family,Greenwich Village Crew,United States,United States,True,4,"['Bonanno crime family', 'Colombo crime family', 'Gambino crime family', 'Lucchese crime family']",['Gambino crime family']
DeCavalcante crime family,Hells Angels Motorcycle Club,United States,United States,True,4,"['Cleveland crime family', 'Gambino crime family', 'Genovese crime family', 'Patriarca crime family']",['Gambino crime family']
DeCavalcante crime family,Lucchese crime family Brooklyn faction,United States,United States,True,4,"['Bonanno crime family', 'Colombo crime family', 'Gambino crime family', 'Genovese crime family']",['Gambino crime family']
DeCavalcante crime family,New Orleans crime family,United States,United States,True,4,"['Cleveland crime family', 'Gambino crime family', 'Genovese crime family', 'Philadelphia crime family']",['Gambino crime family']
DeCavalcante crime family,Trafficante crime family,United States,United States,True,4,"['Bonanno crime family', 'Gambino crime family', 'Genovese crime family', 'Lucchese crime family']",['Gambino crime family']
Detroit Partnership,Lucchese crime family Brooklyn faction,United States,United States,True,4,"['Bonanno crime family', 'Colombo crime family', 'Gambino crime family', 'Genovese crime family']",[]
Lucchese crime family Brooklyn faction,Patriarca crime family,United States,United States,True,4,"['Bonanno crime family', 'Colombo crime family', 'Gambino crime family', 'Genovese crime family']",[]
New Orleans crime family,Pagan's Motorcycle Club,United States,United States,True,4,"['Gambino crime family', 'Genovese crime family', 'Outlaws Motorcycle Club', 'Philadelphia crime family']",['Outlaws Motorcycle Club']
American Mafia,Cotroni crime family,United States,Canada,False,4,"['Hells Angels Motorcycle Club', 'Siderno Group', 'The Firm', 'West End Gang']",[]
Cleveland crime family,San Jose crime family,United States,United States,True,4,"['Chicago Outfit', 'Hells Angels Motorcycle Club', 'Los Angeles crime family', 'Pittsburgh crime family']",['Pittsburgh crime family']
Gambino crime family,San Jose crime family,United States,United States,True,4,"['Bonanno crime family', 'Chicago Outfit', 'Hells Angels Motorcycle Club', 'Los Angeles crime family']",['Bonanno crime family']
Patriarca crime family,San Jose crime family,United States,United States,True,4,"['Bonanno crime family', 'Chicago Outfit', 'Hells Angels Motorcycle Club', 'Los Angeles crime family']",[]
American Mafia,Rock Machine Motorcycle Club,United States,Canada,False,4,"['Loners Motorcycle Club', 'Outlaws Motorcycle Club', ""Pagan's Motorcycle Club"", 'West End Gang']",[]
Detroit Partnership,Milwaukee crime family,United States,United States,True,4,"['Bonanno crime family', 'Chicago Outfit', 'Cleveland crime family', 'St. Louis crime family']",['Chicago Outfit']
Gambino crime family,Kansas City crime family,United States,United States,True,4,"['Chicago Outfit', 'Cleveland crime family', 'Los Angeles crime family', 'New Orleans crime family']",[]
Hells Angels Motorcycle Club,Pittsburgh crime family,United States,United States,True,4,"['Bufalino crime family', 'Cleveland crime family', 'Genovese crime family', 'San Jose crime family']",['Cleveland crime family']
Pittsburgh crime family,St. Louis crime family,United States,United States,True,4,"['Chicago Outfit', 'Cleveland crime family', 'Detroit Partnership', 'Kansas City crime family']",['Cleveland crime family']
Almighty Black P. Stone Nation,Norteños,United States,United States,True,4,"['Black Guerrilla Family', 'Bloods', 'Latin Kings', 'People Nation']",[]
Bloods,Four Corner Hustlers,United States,United States,True,4,"['Almighty Black P. Stone Nation', 'Almighty Vice Lord Nation', 'Latin Kings', 'People Nation']",[]
Guadalajara Cartel,Los Pepes,Mexico,Colombia,False,4,"['Cali Cartel', 'Cartel de Medellín', 'Cartel del Norte del Valle', 'Martinez Familia Sangeros']",['Cartel de Medellín']
Black Guerrilla Family,Latin Kings,United States,United States,True,4,"['Almighty Black P. Stone Nation', 'Bloods', 'Norteños', 'Nuestra Familia']",[]
Los Pepes,Sinaloa Cartel,Colombia,Mexico,False,4,"['Cali Cartel', 'Cartel de Medellín', 'Cartel del Norte del Valle', 'Oficina de Envigado']",['Cartel de Medellín']
'Ndrina Barbaro,'Ndrina Morabito,Italy,Italy,True,4,"[""'Ndrina Cataldo"", ""'Ndrina Lo Presti"", ""'Ndrina Mancuso"", ""'Ndrina Mazzaferro""]",[]
'Ndrina Barbaro,'Ndrina Pesce,Italy,Italy,True,4,"[""'Ndrina Cataldo"", ""'Ndrina Mancuso"", ""'Ndrina Mazzaferro"", ""'Ndrina Serraino""]",[]
'Ndrina De Stefano,'Ndrina Pesce,Italy,Italy,True,4,"[""'Ndrina Alvaro"", ""'Ndrina Cataldo"", ""'Ndrina Mancuso"", ""'Ndrina Mazzaferro""]",[]
'Ndrina Piromalli,Revolutionary Armed Forces of Colombia,Italy,Colombia,False,4,"[""'Ndrina Alvaro"", ""'Ndrina Mancuso"", ""'Ndrina Pesce"", ""Aquino 'ndrina""]",[]
'Ndrina Codispoti,'Ndrina Giorgi,Italy,Italy,True,4,"[""'Ndrina La Maggiore"", ""'Ndrina Morabito"", ""'Ndrina Nirta Scalzone"", ""'Ndrina Romeo""]",[]
'Ndrina Alvaro,'Ndrina Cataldo,Italy,Italy,True,4,"[""'Ndrina De Stefano"", ""'Ndrina Lo Presti"", ""'Ndrina Pesce"", ""Commisso 'ndrina""]",[]
'Ndrina Alvaro,'Ndrina Mancuso,Italy,Italy,True,4,"[""'Ndrina De Stefano"", ""'Ndrina Pesce"", ""'Ndrina Piromalli"", 'Revolutionary Armed Forces of Colombia']",[]
'Ndrina Alvaro,'Ndrina Mazzaferro,Italy,Italy,True,4,"[""'Ndrina De Stefano"", ""'Ndrina Lo Presti"", ""'Ndrina Pesce"", ""Commisso 'ndrina""]",[]
'Ndrina Mancuso,Aquino 'ndrina,Italy,Italy,True,4,"[""'Ndrina Morabito"", ""'Ndrina Pesce"", ""'Ndrina Piromalli"", 'Revolutionary Armed Forces of Colombia']",[]
Aquino 'ndrina,Clan dei Casalesi,Italy,Italy,True,4,"[""'Ndrina Bellocco"", ""'Ndrina Morabito"", ""'Ndrina Pesce"", ""'Ndrina Piromalli""]",[]
'Ndrina Alvaro,'Ndrina Bellocco,Italy,Italy,True,4,"[""'Ndrina Molè"", ""'Ndrina Pesce"", ""'Ndrina Piromalli"", ""Aquino 'ndrina""]","[""'Ndrina Pesce""]"
'Ndrina Alvaro,'Ndrina Ierinò,Italy,Italy,True,4,"[""'Ndrina Lo Presti"", ""'Ndrina Pesce"", ""Aquino 'ndrina"", ""Commisso 'ndrina""]",[]
'Ndrina Ierinò,'Ndrina Piromalli,Italy,Italy,True,4,"[""'Ndrina Costa"", ""'Ndrina Pesce"", ""Aquino 'ndrina"", ""Commisso 'ndrina""]","[""Commisso 'ndrina""]"
'Ndrina Mancuso,'Ndrina Serraino,Italy,Italy,True,4,"[""'Ndrina Barbaro"", ""'Ndrina Paviglianiti"", ""'Ndrina Pesce"", ""'Ndrina Piromalli""]",[]
Lashkar-e-Taiba,Tehreek-e-Taliban Pakistan,Pakistan,Pakistan,True,4,"['Al-Qaeda', 'Harkat-ul-Jihad al-Islami', 'Islamic State – Khorasan Province', 'Taliban']",['Taliban']
Colombo crime family,Pittsburgh crime family,United States,United States,True,4,"['Bufalino crime family', 'Chicago Outfit', 'Detroit Partnership', 'Genovese crime family']",['Genovese crime family']
Bufalino crime family,Outlaws Motorcycle Club,United States,United States,True,4,"['Buffalo crime family', 'Detroit Partnership', 'Genovese crime family', 'Pittsburgh crime family']",['Genovese crime family']
Buffalo crime family,DeCavalcante crime family,United States,United States,True,4,"['Bonanno crime family', 'Colombo crime family', 'Genovese crime family', 'Lucchese crime family']",['Bonanno crime family']
Cleveland crime family,Dallas crime family,United States,United States,True,4,"['Chicago Outfit', 'Genovese crime family', 'Kansas City crime family', 'New Orleans crime family']",[]
Colombo crime family,Outlaws Motorcycle Club,United States,United States,True,4,"['Buffalo crime family', 'Chicago Outfit', 'Detroit Partnership', 'Genovese crime family']",['Genovese crime family']
Dallas crime family,Gambino crime family,United States,United States,True,4,"['Chicago Outfit', 'Genovese crime family', 'New Orleans crime family', 'Trafficante crime family']",['Genovese crime family']
Detroit Partnership,Lucchese crime family New Jersey faction,United States,United States,True,4,"['Bonanno crime family', 'Colombo crime family', 'Genovese crime family', 'Philadelphia crime family']",['Philadelphia crime family']
Lucchese crime family,Pittsburgh crime family,United States,United States,True,4,"['Chicago Outfit', 'Genovese crime family', 'Philadelphia crime family', 'Trafficante crime family']",['Genovese crime family']
'Ndrina Costa,Aquino 'ndrina,Italy,Italy,True,4,"[""'Ndrina Ierinò"", ""'Ndrina Piromalli"", ""'Ndrina Ursino"", ""Commisso 'ndrina""]","[""Commisso 'ndrina""]"
'Ndrina Lo Presti,'Ndrina Piromalli,Italy,Italy,True,4,"[""'Ndrina Alvaro"", ""'Ndrina Belfiore"", ""Aquino 'ndrina"", ""Commisso 'ndrina""]","[""Commisso 'ndrina""]"
'Ndrina Lo Presti,'Ndrina Ursino,Italy,Italy,True,4,"[""'Ndrina Belfiore"", ""'Ndrina Mazzaferro"", ""Aquino 'ndrina"", ""Commisso 'ndrina""]",[]
'Ndrina Piromalli,'Ndrina Ursino,Italy,Italy,True,4,"[""'Ndrina Belfiore"", ""'Ndrina Costa"", ""Aquino 'ndrina"", ""Commisso 'ndrina""]","[""Commisso 'ndrina""]"
Colombo crime family,San Francisco crime family,United States,United States,True,4,"['Bonanno crime family', 'Chicago Outfit', 'Detroit Partnership', 'Los Angeles crime family']",['Bonanno crime family']
Colorado crime family,Gambino crime family,United States,United States,True,4,"['Bonanno crime family', 'Chicago Outfit', 'Los Angeles crime family', 'New Orleans crime family']",['Bonanno crime family']
Colorado crime family,Genovese crime family,United States,United States,True,4,"['Bonanno crime family', 'Chicago Outfit', 'Los Angeles crime family', 'New Orleans crime family']",['Bonanno crime family']
Gambino crime family,San Francisco crime family,United States,United States,True,4,"['Bonanno crime family', 'Chicago Outfit', 'Detroit Partnership', 'Los Angeles crime family']",['Bonanno crime family']
Kansas City crime family,San Jose crime family,United States,United States,True,4,"['Chicago Outfit', 'Dallas crime family', 'Los Angeles crime family', 'Pittsburgh crime family']",[]
New Orleans crime family,San Francisco crime family,United States,United States,True,4,"['Chicago Outfit', 'Dallas crime family', 'Detroit Partnership', 'Los Angeles crime family']",['Chicago Outfit']
Patriarca crime family,San Francisco crime family,United States,United States,True,4,"['Bonanno crime family', 'Chicago Outfit', 'Detroit Partnership', 'Los Angeles crime family']",[]
18th Street Gang,Guerreros Unidos,United States,Mexico,False,4,"['Beltrán-Leyva Organization', 'Juárez Cartel', 'La Familia Michoacana', 'Tijuana Cartel']",['La Familia Michoacana']
'Ndrina Ierinò,'Ndrina Morabito,Italy,Italy,True,4,"[""'Ndrina Cataldo"", ""'Ndrina Lo Presti"", ""'Ndrina Mazzaferro"", ""Aquino 'ndrina""]","[""'Ndrina Mazzaferro""]"
Colorado crime family,Milwaukee crime family,United States,United States,True,4,"['Bonanno crime family', 'Chicago Outfit', 'Kansas City crime family', 'St. Louis crime family']",['Chicago Outfit']
San Francisco crime family,Trafficante crime family,United States,United States,True,4,"['Bonanno crime family', 'Chicago Outfit', 'Dallas crime family', 'Detroit Partnership']",[]
San Jose crime family,Trafficante crime family,United States,United States,True,4,"['Bonanno crime family', 'Chicago Outfit', 'Dallas crime family', 'Pittsburgh crime family']",[]
Bonanno crime family,St. Louis crime family,United States,United States,True,4,"['Chicago Outfit', 'Colorado crime family', 'Detroit Partnership', 'Milwaukee crime family']",[]
'Ndrina Marando,Molluso 'ndrina,Italy,Italy,True,4,"[""'Ndrina Barbaro"", ""'Ndrina Papalia"", ""Sergi 'ndrina"", ""Trimboli 'ndrina""]",[]
Clan dei Casamonica,Commisso 'ndrina,Italy,Italy,True,4,"[""'Ndrina Alvaro"", ""'Ndrina Molè"", ""'Ndrina Piromalli"", 'Secondigliano Alliance']","[""'Ndrina Piromalli""]"
Kansas City crime family,Trafficante crime family,United States,United States,True,4,"['Chicago Outfit', 'Dallas crime family', 'New Orleans crime family', 'Pittsburgh crime family']",[]
Black Disciples,Crips,United States,United States,True,4,"['Black Gangster Disciples Nation', 'Black Guerrilla Family', 'La Raza Nation', 'Supreme Team']",['Black Gangster Disciples Nation']
'Ndrangheta,Alfieri clan,Italy,Italy,True,3,"['Clan Cappello', 'Clan dei Casalesi', 'Corleonesi']",['Clan dei Casalesi']
'Ndrina Giuliano,Clan Galasso di Poggiomarino,Italy,Italy,True,3,"['Clan Nuvoletta', 'Clan dei Casalesi', 'Nuova Famiglia']",['Clan Nuvoletta']
'Ndrina Mancuso,Nuova Camorra Organizzata,Italy,Italy,True,3,"[""'Ndrina De Stefano"", ""'Ndrina Piromalli"", 'Clan dei Casalesi']",['Clan dei Casalesi']
Alfieri clan,Mallardo clan,Italy,Italy,True,3,"['Cesarano clan', 'Clan Cappello', 'Clan dei Casalesi']",['Clan dei Casalesi']
Catania Mafia family,Gambino crime family,Italy,United States,False,3,"['Clan dei Casalesi', 'Corleonesi', 'Inzerillo Mafia clan']",[]
Mallardo clan,Nuova Famiglia,Italy,Italy,True,3,"['Cesarano clan', 'Clan dei Casalesi', 'Contini clan']",['Clan dei Casalesi']
'Ndrangheta,Beltrán-Leyva Organization,Italy,Mexico,False,3,"['Cártel de Jalisco Nueva Generación', 'Los Zetas', 'Sinaloa Cartel']",['Sinaloa Cartel']
'Ndrangheta,Cartel de Medellín,Italy,Colombia,False,3,"['Gulf Cartel', 'Hells Angels Motorcycle Club', 'Sinaloa Cartel']",[]
'Ndrangheta,Crips,Italy,United States,False,3,"['American Mafia', 'Gambino crime family', 'Sinaloa Cartel']",[]
'Ndrangheta,Independent Soldiers,Italy,Canada,False,3,"['Hells Angels Motorcycle Club', 'Rizzuto crime family', 'Sinaloa Cartel']",['Hells Angels Motorcycle Club']
'Ndrangheta,Knights Templar Cartel,Italy,Mexico,False,3,"['Cártel de Jalisco Nueva Generación', 'Gulf Cartel', 'Sinaloa Cartel']",['Cártel de Jalisco Nueva Generación']
'Ndrangheta,Los Charlines,Italy,Spain,False,3,"['Clan del Golfo', 'Nuova Camorra Organizzata', 'Sinaloa Cartel']",[]
'Ndrangheta,Los Huistas,Italy,Guatemala,False,3,"['Cártel de Jalisco Nueva Generación', 'Gulf Cartel', 'Sinaloa Cartel']",[]
'Ndrangheta,Los Mexicles,Italy,Mexico,False,3,"['Cártel de Jalisco Nueva Generación', 'Gulf Cartel', 'Sinaloa Cartel']",['Gulf Cartel']
'Ndrangheta,Los Talibanes,Italy,Mexico,False,3,"['Cártel de Jalisco Nueva Generación', 'Gulf Cartel', 'Sinaloa Cartel']",['Cártel de Jalisco Nueva Generación']
'Ndrangheta,Sun Yee On,Italy,Hong Kong,False,3,"['American Mafia', 'Camorra', 'Sinaloa Cartel']",[]
'Ndrangheta,Wolfpack Alliance,Italy,Canada,False,3,"['Hells Angels Motorcycle Club', 'Rizzuto crime family', 'Sinaloa Cartel']",['Sinaloa Cartel']
American Mafia,Autodefensas Unidas de Colombia,United States,Colombia,False,3,"[""'Ndrangheta"", 'Oficina de Envigado', 'Sinaloa Cartel']",[]
American Mafia,Cartel de Medellín,United States,Colombia,False,3,"['Hells Angels Motorcycle Club', 'Oficina de Envigado', 'Sinaloa Cartel']",['Oficina de Envigado']
American Mafia,Independent Soldiers,United States,Canada,False,3,"['Hells Angels Motorcycle Club', 'Mexican Mafia', 'Sinaloa Cartel']",['Hells Angels Motorcycle Club']
American Mafia,Wolfpack Alliance,United States,Canada,False,3,"['Hells Angels Motorcycle Club', 'Sinaloa Cartel', 'West End Gang']",['Sinaloa Cartel']
Autodefensas Unidas de Colombia,Cártel de Jalisco Nueva Generación,Colombia,Mexico,False,3,"[""'Ndrangheta"", 'Cartel del Norte del Valle', 'Sinaloa Cartel']",['Sinaloa Cartel']
Autodefensas Unidas de Colombia,Los Cachiros,Colombia,Honduras,False,3,"['Cartel del Norte del Valle', 'Los Rastrojos', 'Sinaloa Cartel']",[]
Beltrán-Leyva Organization,Clan del Golfo,Mexico,Colombia,False,3,"['Cártel de Jalisco Nueva Generación', 'Los Zetas', 'Sinaloa Cartel']",['Sinaloa Cartel']
Beltrán-Leyva Organization,Hezbollah,Mexico,Lebanon,False,3,"['Cartel del Norte del Valle', 'Los Zetas', 'Sinaloa Cartel']",['Sinaloa Cartel']
Beltrán-Leyva Organization,Los Rastrojos,Mexico,Colombia,False,3,"['Cartel del Norte del Valle', 'Los Zetas', 'Sinaloa Cartel']",['Sinaloa Cartel']
Beltrán-Leyva Organization,Mexican Mafia,Mexico,United States,False,3,"['18th Street Gang', 'Sinaloa Cartel', 'Tijuana Cartel']",['Sinaloa Cartel']
Beltrán-Leyva Organization,Revolutionary Armed Forces of Colombia,Mexico,Colombia,False,3,"['Cártel de Jalisco Nueva Generación', 'Sinaloa Cartel', 'Tijuana Cartel']",['Sinaloa Cartel']
Beltrán-Leyva Organization,Yakuza,Mexico,Japan,False,3,"['Cártel de Jalisco Nueva Generación', 'Los Viagras', 'Sinaloa Cartel']",['Sinaloa Cartel']
Cali Cartel,Cártel de Colima,Colombia,Mexico,False,3,"['Guadalajara Cartel', 'Sinaloa Cartel', 'Sonora Cartel']",[]
Cali Cartel,Hells Angels Motorcycle Club,Colombia,United States,False,3,"['Cartel de Medellín', 'Sinaloa Cartel', 'West End Gang']",['Cartel de Medellín']
Cali Cartel,Latin Kings,Colombia,United States,False,3,"['Gulf Cartel', 'Martinez Familia Sangeros', 'Sinaloa Cartel']",[]
Cali Cartel,Mara Salvatrucha,Colombia,United States,False,3,"['Big Circle Gang', 'Gulf Cartel', 'Sinaloa Cartel']",[]
Cali Cartel,Mexican Mafia,Colombia,United States,False,3,"['Gulf Cartel', 'Sinaloa Cartel', 'Tijuana Cartel']",[]
Cali Cartel,Oficina de Envigado,Colombia,Colombia,True,3,"['Cartel de Medellín', 'Los Pepes', 'Sinaloa Cartel']",['Cartel de Medellín']
Cartel de Medellín,Mexican Mafia,Colombia,United States,False,3,"['Gulf Cartel', 'Hells Angels Motorcycle Club', 'Sinaloa Cartel']",['Hells Angels Motorcycle Club']
Cartel de Medellín,West End Gang,Colombia,Canada,False,3,"['Cali Cartel', 'Hells Angels Motorcycle Club', 'Sinaloa Cartel']",['Cali Cartel']
Cartel del Norte del Valle,Cártel de Colima,Colombia,Mexico,False,3,"['Cártel de Jalisco Nueva Generación', 'Guadalajara Cartel', 'Sinaloa Cartel']",[]
Cartel del Norte del Valle,Los Viagras,Colombia,Mexico,False,3,"['Beltrán-Leyva Organization', 'Cártel de Jalisco Nueva Generación', 'Sinaloa Cartel']",['Cártel de Jalisco Nueva Generación']
Cartel del Norte del Valle,Mara Salvatrucha,Colombia,United States,False,3,"['Cártel de Jalisco Nueva Generación', 'Los Zetas', 'Sinaloa Cartel']",['Los Zetas']
Cartel del Norte del Valle,Popular Liberation Army,Colombia,Colombia,True,3,"['Cártel de Jalisco Nueva Generación', 'Los Rastrojos', 'Sinaloa Cartel']",['Los Rastrojos']
Cartel del Norte del Valle,Sonora Cartel,Colombia,Mexico,False,3,"['Cali Cartel', 'Guadalajara Cartel', 'Sinaloa Cartel']",['Cali Cartel']
Chaldean mafia,Hells Angels Motorcycle Club,United States,United States,True,3,"['American Mafia', 'Mexican Mafia', 'Sinaloa Cartel']",['Mexican Mafia']
Clan del Golfo,Hezbollah,Colombia,Lebanon,False,3,"['Kinahan Organised Crime Group', 'Los Zetas', 'Sinaloa Cartel']",[]
Crips,Hells Angels Motorcycle Club,United States,United States,True,3,"['American Mafia', 'Gambino crime family', 'Sinaloa Cartel']",[]
Cártel de Jalisco Nueva Generación,Los Cachiros,Mexico,Honduras,False,3,"['Cartel del Norte del Valle', 'Clan del Golfo', 'Sinaloa Cartel']",['Sinaloa Cartel']
Cártel de Santa Rosa de Lima,Knights Templar Cartel,Mexico,Mexico,True,3,"['Gulf Cartel', 'Los Viagras', 'Sinaloa Cartel']",['Los Viagras']
Cártel de Santa Rosa de Lima,La Nueva Familia Michoacana,Mexico,Mexico,True,3,"['Cárteles Unidos', 'Los Viagras', 'Sinaloa Cartel']",[]
Guadalajara Cartel,La Familia Michoacana,Mexico,Mexico,True,3,"['Juárez Cartel', 'Sinaloa Cartel', 'Tijuana Cartel']",[]
Guadalajara Cartel,Los Charlines,Mexico,Spain,False,3,"['Cali Cartel', 'Cartel de Medellín', 'Sinaloa Cartel']",[]
Guadalajara Cartel,Milenio Cartel,Mexico,Mexico,True,3,"['Cartel de Medellín', 'Cártel de Colima', 'Sinaloa Cartel']",[]
Gulf Cartel,Kinahan Organised Crime Group,Mexico,Ireland,False,3,"[""'Ndrangheta"", 'Camorra', 'Sinaloa Cartel']",['Sinaloa Cartel']
Gulf Cartel,Los Charlines,Mexico,Spain,False,3,"['Cali Cartel', 'Cartel de Medellín', 'Sinaloa Cartel']",['Sinaloa Cartel']
Gulf Cartel,Sonora Cartel,Mexico,Mexico,True,3,"['Cali Cartel', 'Cartel de Medellín', 'Sinaloa Cartel']",['Sinaloa Cartel']
Hamas,Revolutionary Armed Forces of Colombia,Palestine,Colombia,False,3,"['Hezbollah', 'Popular Front for the Liberation of Palestine', 'Sinaloa Cartel']",['Hezbollah']
Hells Angels Motorcycle Club,Oficina de Envigado,United States,Colombia,False,3,"['American Mafia', 'Cartel de Medellín', 'Sinaloa Cartel']",['Cartel de Medellín']
Juárez Cartel,Los Charlines,Mexico,Spain,False,3,"['Cali Cartel', 'Cartel de Medellín', 'Sinaloa Cartel']",['Sinaloa Cartel']
Kinahan Organised Crime Group,Los Choneros,Ireland,Ecuador,False,3,"[""'Ndrangheta"", 'Clan del Golfo', 'Sinaloa Cartel']",[]
Knights Templar Cartel,Los Huistas,Mexico,Guatemala,False,3,"['Cártel de Jalisco Nueva Generación', 'Gulf Cartel', 'Sinaloa Cartel']",['Cártel de Jalisco Nueva Generación']
Knights Templar Cartel,Los Talibanes,Mexico,Mexico,True,3,"['Cártel de Jalisco Nueva Generación', 'Gulf Cartel', 'Sinaloa Cartel']",['Cártel de Jalisco Nueva Generación']
La Barredora,Tijuana Cartel,Mexico,Mexico,True,3,"['Guerreros Unidos', 'Los Zetas', 'Sinaloa Cartel']",['Sinaloa Cartel']
La Familia Michoacana,Latin Kings,Mexico,United States,False,3,"['18th Street Gang', 'Gulf Cartel', 'Sinaloa Cartel']",['Gulf Cartel']
La Familia Michoacana,Revolutionary Armed Forces of Colombia,Mexico,Colombia,False,3,"['Cártel de Jalisco Nueva Generación', 'Sinaloa Cartel', 'Tijuana Cartel']",['Cártel de Jalisco Nueva Generación']
Los Cachiros,Oficina de Envigado,Honduras,Colombia,False,3,"['Clan del Golfo', 'Los Rastrojos', 'Sinaloa Cartel']",['Clan del Golfo']
Los Charlines,National Liberation Army (Colombia),Spain,Colombia,False,3,"['Cartel de Medellín', 'Clan del Golfo', 'Sinaloa Cartel']",['Clan del Golfo']
Los Charlines,Sonora Cartel,Spain,Mexico,False,3,"['Cali Cartel', 'Cartel de Medellín', 'Sinaloa Cartel']",[]
Los Choneros,Los Zetas,Ecuador,Mexico,False,3,"[""'Ndrangheta"", 'Clan del Golfo', 'Sinaloa Cartel']",['Sinaloa Cartel']
Los Huistas,Los Mexicles,Guatemala,Mexico,False,3,"['Cártel de Jalisco Nueva Generación', 'Gulf Cartel', 'Sinaloa Cartel']",['Gulf Cartel']
Los Huistas,Los Talibanes,Guatemala,Mexico,False,3,"['Cártel de Jalisco Nueva Generación', 'Gulf Cartel', 'Sinaloa Cartel']",['Cártel de Jalisco Nueva Generación']
Los Huistas,Mara Salvatrucha,Guatemala,United States,False,3,"['Cártel de Jalisco Nueva Generación', 'Gulf Cartel', 'Sinaloa Cartel']",[]
Los Talibanes,Mara Salvatrucha,Mexico,United States,False,3,"['Cártel de Jalisco Nueva Generación', 'Gulf Cartel', 'Sinaloa Cartel']",['Cártel de Jalisco Nueva Generación']
Mexican Mafia,West End Gang,United States,Canada,False,3,"['American Mafia', 'Hells Angels Motorcycle Club', 'Sinaloa Cartel']",['Hells Angels Motorcycle Club']
Milenio Cartel,Sonora Cartel,Mexico,Mexico,True,3,"['Cartel de Medellín', 'Cártel de Colima', 'Sinaloa Cartel']",[]
Oficina de Envigado,Popular Liberation Army,Colombia,Colombia,True,3,"['Ejército Revolucionario Popular Antisubversivo de Colombia', 'Los Rastrojos', 'Sinaloa Cartel']",['Los Rastrojos']
Revolutionary Armed Forces of Colombia,Yakuza,Colombia,Japan,False,3,"['Cártel de Jalisco Nueva Generación', 'Primeiro Comando da Capital', 'Sinaloa Cartel']",[]
'Ndrangheta,Genovese crime family,Italy,United States,False,3,"['Gambino crime family', 'Hells Angels Motorcycle Club', 'Solntsevskaya Bratva']",['Gambino crime family']
Cártel de Jalisco Nueva Generación,Sicilian Mafia,Mexico,Italy,False,3,"[""'Ndrangheta"", 'Camorra', 'Clan del Golfo']","[""'Ndrangheta""]"
Ejército Revolucionario Popular Antisubversivo de Colombia,Los Zetas,Colombia,Mexico,False,3,"['Clan del Golfo', 'Los Rastrojos', 'Oficina de Envigado']",['Clan del Golfo']
Gang de la Brise de Mer,Los Zetas,France,Mexico,False,3,"[""'Ndrangheta"", 'Clan del Golfo', 'Sicilian Mafia']",[]
Gang de la Brise de Mer,Sinaloa Cartel,France,Mexico,False,3,"[""'Ndrangheta"", 'American Mafia', 'Clan del Golfo']",[]
Gang de la Brise de Mer,Tren de Aragua,France,Venezuela,False,3,"[""'Ndrangheta"", 'American Mafia', 'Clan del Golfo']",['Clan del Golfo']
Kinahan Organised Crime Group,Sicilian Mafia,Ireland,Italy,False,3,"[""'Ndrangheta"", 'Camorra', 'Clan del Golfo']","[""'Ndrangheta""]"
Kinahan Organised Crime Group,Tren de Aragua,Ireland,Venezuela,False,3,"[""'Ndrangheta"", 'Camorra', 'Clan del Golfo']",['Clan del Golfo']
Los Choneros,Tren de Aragua,Ecuador,Venezuela,False,3,"[""'Ndrangheta"", 'Clan del Golfo', 'Primeiro Comando da Capital']",['Clan del Golfo']
Oficina de Envigado,Sicilian Mafia,Colombia,Italy,False,3,"['American Mafia', 'Clan del Golfo', 'Los Zetas']",['Clan del Golfo']
Beltrán-Leyva Organization,Cártel de Caborca,Mexico,Mexico,True,3,"['Cártel de Jalisco Nueva Generación', 'Juárez Cartel', 'Tijuana Cartel']",[]
Beltrán-Leyva Organization,Los Chapitos,Mexico,Mexico,True,3,"['Cártel de Jalisco Nueva Generación', 'Juárez Cartel', 'La Línea']",[]
Camorra,La Línea,Italy,Mexico,False,3,"['Cártel de Jalisco Nueva Generación', 'Gulf Cartel', 'Tren de Aragua']",[]
Camorra,Mara Salvatrucha,Italy,United States,False,3,"['Cártel de Jalisco Nueva Generación', 'Gulf Cartel', 'Tren de Aragua']",[]
Camorra,Primeiro Comando da Capital,Italy,Brazil,False,3,"[""'Ndrangheta"", 'Cártel de Jalisco Nueva Generación', 'Tren de Aragua']",[]
Cartel del Norte del Valle,Cártel de Caborca,Colombia,Mexico,False,3,"['Cártel de Jalisco Nueva Generación', 'Juárez Cartel', 'Tijuana Cartel']",[]
Cartel del Norte del Valle,La Línea,Colombia,Mexico,False,3,"['Beltrán-Leyva Organization', 'Cártel de Jalisco Nueva Generación', 'Los Zetas']",[]
Clan del Golfo,La Línea,Colombia,Mexico,False,3,"['Cártel de Jalisco Nueva Generación', 'Los Zetas', 'Tren de Aragua']",['Tren de Aragua']
Cártel de Caborca,Guerreros Unidos,Mexico,Mexico,True,3,"['Cártel de Jalisco Nueva Generación', 'Juárez Cartel', 'Tijuana Cartel']",['Cártel de Jalisco Nueva Generación']
Cártel de Caborca,La Familia Michoacana,Mexico,Mexico,True,3,"['Cártel de Jalisco Nueva Generación', 'Juárez Cartel', 'Tijuana Cartel']",['Cártel de Jalisco Nueva Generación']
Guerreros Unidos,La Línea,Mexico,Mexico,True,3,"['Beltrán-Leyva Organization', 'Cártel de Jalisco Nueva Generación', 'Los Zetas']",['Cártel de Jalisco Nueva Generación']
Los Caparrapos,Sinaloa Cartel,Colombia,Mexico,False,3,"['Cártel de Jalisco Nueva Generación', 'National Liberation Army (Colombia)', 'Oficina de Envigado']",['Cártel de Jalisco Nueva Generación']
Los Mexicles,Tren de Aragua,Mexico,Venezuela,False,3,"['Cártel de Jalisco Nueva Generación', 'La Empresa', 'La Línea']",['La Línea']
Nuestra Familia,Sinaloa Cartel,United States,Mexico,False,3,"['Crips', 'Cártel de Jalisco Nueva Generación', 'Latin Kings']",['Cártel de Jalisco Nueva Generación']
Revolutionary Armed Forces of Colombia,Tren de Aragua,Colombia,Venezuela,False,3,"['Comando Vermelho', 'Cártel de Jalisco Nueva Generación', 'Primeiro Comando da Capital']",['Comando Vermelho']
Tren de Aragua,Yakuza,Venezuela,Japan,False,3,"['American Mafia', 'Cártel de Jalisco Nueva Generación', 'Primeiro Comando da Capital']",[]
Big Circle Gang,Cuntrera-Caruana Mafia clan,China,Italy,False,3,"[""'Ndrangheta"", 'Cali Cartel', 'Rizzuto crime family']",[]
Big Circle Gang,Hells Angels Motorcycle Club,China,United States,False,3,"[""'Ndrangheta"", 'American Mafia', 'Rizzuto crime family']",[]
Big Circle Gang,West End Gang,China,Canada,False,3,"['American Mafia', 'Cali Cartel', 'Rizzuto crime family']",[]
Cuntrera-Caruana Mafia clan,West End Gang,Italy,Canada,False,3,"['Cali Cartel', 'Musitano crime family', 'Rizzuto crime family']",[]
'Ndrangheta,Aryan Brotherhood,Italy,United States,False,3,"['American Mafia', 'Gambino crime family', 'Hells Angels Motorcycle Club']",['Hells Angels Motorcycle Club']
'Ndrangheta,Cleveland crime family,Italy,United States,False,3,"['American Mafia', 'Gambino crime family', 'Hells Angels Motorcycle Club']",[]
'Ndrangheta,Greco Mafia clan,Italy,Italy,True,3,"['American Mafia', 'Corleonesi', 'Sicilian Mafia']",['Sicilian Mafia']
Armenian Power,Hells Angels Motorcycle Club,United States,United States,True,3,"['American Mafia', 'Los Angeles crime family', 'Mexican Mafia']",['Mexican Mafia']
Aryan Brotherhood,Outlaws Motorcycle Club,United States,United States,True,3,"['American Mafia', 'Aryan Nations', 'Chicago Outfit']",[]
Big Circle Gang,Camorra,China,Italy,False,3,"[""'Ndrangheta"", 'American Mafia', 'Cali Cartel']",[]
Big Circle Gang,Martinez Familia Sangeros,China,Puerto Rico,False,3,"['American Mafia', 'Cali Cartel', 'Ñetas']",[]
Big Circle Gang,Tren de Aragua,China,Venezuela,False,3,"[""'Ndrangheta"", 'American Mafia', 'Mara Salvatrucha']",[]
Bloods,Pagan's Motorcycle Club,United States,United States,True,3,"['American Mafia', 'Gambino crime family', 'Latin Kings']",[]
Bloods,Sinaloa Cartel,United States,Mexico,False,3,"['American Mafia', 'Crips', 'Latin Kings']",['Crips']
Camorra,Gang de la Brise de Mer,Italy,France,False,3,"[""'Ndrangheta"", 'American Mafia', 'Sicilian Mafia']",[]
Camorra,Greco Mafia clan,Italy,Italy,True,3,"['American Mafia', 'Corleonesi', 'Sicilian Mafia']",[]
Camorra,Hells Angels Motorcycle Club,Italy,United States,False,3,"[""'Ndrangheta"", 'American Mafia', 'Kinahan Organised Crime Group']",[]
Camorra,Martinez Familia Sangeros,Italy,Puerto Rico,False,3,"['American Mafia', 'Cali Cartel', 'Gulf Cartel']",['Gulf Cartel']
Cleveland crime family,Latin Kings,United States,United States,True,3,"['American Mafia', 'Gambino crime family', 'Genovese crime family']",[]
Cleveland crime family,Sicilian Mafia,United States,Italy,False,3,"['American Mafia', 'Detroit Partnership', 'Gambino crime family']",[]
Hells Angels Motorcycle Club,Siderno Group,United States,Italy,False,3,"['American Mafia', 'Cotroni crime family', 'Musitano crime family']",['Musitano crime family']
Latin Kings,Outlaws Motorcycle Club,United States,United States,True,3,"['American Mafia', 'Genovese crime family', ""Pagan's Motorcycle Club""]","[""Pagan's Motorcycle Club""]"
Loners Motorcycle Club,West End Gang,Canada,Canada,True,3,"['American Mafia', 'Hells Angels Motorcycle Club', 'Rock Machine Motorcycle Club']",['Hells Angels Motorcycle Club']
Mexican Mafia,Pagan's Motorcycle Club,United States,United States,True,3,"['American Mafia', 'Gambino crime family', 'Mongols MC']",['Mongols MC']
Nuova Mala del Brenta,Sacra Corona Unita,Italy,Italy,True,3,"['American Mafia', 'Camorra', 'Nuova Camorra Organizzata']",['Nuova Camorra Organizzata']
Outlaws Motorcycle Club,Sicilian Mafia,United States,Italy,False,3,"['American Mafia', 'Buffalo crime family', 'Detroit Partnership']",[]
Outlaws Motorcycle Club,West End Gang,United States,Canada,False,3,"['American Mafia', 'Rock Machine Motorcycle Club', ""Satan's Choice Motorcycle Club""]","[""Satan's Choice Motorcycle Club""]"
Sacra Corona Unita,Stidda,Italy,Italy,True,3,"[""'Ndrangheta"", 'American Mafia', 'Camorra']",['American Mafia']
Sacra Corona Unita,Tren de Aragua,Italy,Venezuela,False,3,"[""'Ndrangheta"", 'American Mafia', 'Camorra']",[]
Siderno Group,West End Gang,Italy,Canada,False,3,"['American Mafia', 'Cotroni crime family', 'Musitano crime family']",['Musitano crime family']
Stidda,Tren de Aragua,Italy,Venezuela,False,3,"[""'Ndrangheta"", 'American Mafia', 'Camorra']",['American Mafia']
'Ndrangheta,Clan Di Lauro,Italy,Italy,True,3,"['Clan Licciardi', 'Clan Mazzarella', 'Sacra Corona Unita']",[]
Clan Di Lauro,Polverino clan,Italy,Italy,True,3,"['Clan Licciardi', 'Mallardo clan', 'Sacra Corona Unita']",[]
Moccia clan,Secondigliano Alliance,Italy,Italy,True,3,"['Clan Licciardi', 'Clan Sacco-Bocchetti', 'Contini clan']",[]
'Ndrangheta,Clan degli Spada,Italy,,,3,"[""'Ndrina Fazzari"", 'Banda della Magliana', 'Clan dei Casamonica']",[]
'Ndrina Alvaro,Camorra,Italy,Italy,True,3,"[""'Ndrina De Stefano"", ""'Ndrina Palamara"", 'Clan dei Casamonica']",[]
'Ndrina Fazzari,Banda della Magliana,Italy,Italy,True,3,"[""'Ndrangheta"", 'Clan degli Spada', 'Clan dei Casamonica']",[]
'Ndrangheta,Clan dei Cursoti,Italy,Italy,True,3,"['Chiofaliani', 'Clan Cappello', 'Stidda']",[]
'Ndrina Pelle,Camorra,Italy,Italy,True,3,"['Catania Mafia family', 'Clan Cappello', 'Sacra Corona Unita']",[]
Camorra,Clan dei Cursoti,Italy,Italy,True,3,"['Catania Mafia family', 'Clan Cappello', 'Stidda']",['Catania Mafia family']
American Mafia,Banda della Magliana,United States,Italy,False,3,"[""'Ndrangheta"", 'Camorra', 'Sicilian Mafia']",[]
American Mafia,Polverino clan,United States,Italy,False,3,"[""'Ndrangheta"", 'Sacra Corona Unita', 'Sicilian Mafia']",[]
Banda della Magliana,Polverino clan,Italy,Italy,True,3,"[""'Ndrangheta"", 'Clan Lubrano-Ligato', 'Sicilian Mafia']",[]
Bonanno crime family,Solntsevskaya Bratva,United States,Russia,False,3,"['Cuntrera-Caruana Mafia clan', 'Genovese crime family', 'Sicilian Mafia']",['Genovese crime family']
Camorra,Gambino crime family,Italy,United States,False,3,"[""'Ndrangheta"", 'Corleonesi', 'Sicilian Mafia']",[]
Camorra,Los Zetas,Italy,Mexico,False,3,"[""'Ndrangheta"", 'Gulf Cartel', 'Sicilian Mafia']",['Gulf Cartel']
Corleonesi,Polverino clan,Italy,Italy,True,3,"[""'Ndrangheta"", 'Clan Lubrano-Ligato', 'Sicilian Mafia']",['Sicilian Mafia']
Corleonesi,Solntsevskaya Bratva,Italy,Russia,False,3,"[""'Ndrangheta"", 'Cuntrera-Caruana Mafia clan', 'Sicilian Mafia']",['Sicilian Mafia']
Gambino crime family,Greco Mafia clan,United States,Italy,False,3,"['Corleonesi', 'Inzerillo Mafia clan', 'Sicilian Mafia']",[]
American Mafia,Primeiro Comando da Capital,United States,Brazil,False,3,"[""'Ndrangheta"", 'Tren de Aragua', 'Yakuza']",[]
Cártel de Jalisco Nueva Generación,La Empresa,Mexico,Colombia,False,3,"['La Línea', 'Los Mexicles', 'Tren de Aragua']",[]
Aquino 'ndrina,Tijuana Cartel,Italy,Mexico,False,3,"['Gulf Cartel', 'Los Zetas', 'Revolutionary Armed Forces of Colombia']",['Gulf Cartel']
Barrio Azteca,Cartel del Norte del Valle,United States,Colombia,False,3,"['Beltrán-Leyva Organization', 'Juárez Cartel', 'Los Zetas']",[]
Barrio Azteca,Guerreros Unidos,United States,Mexico,False,3,"['Beltrán-Leyva Organization', 'Juárez Cartel', 'Los Zetas']",[]
Barrio Azteca,Tijuana Cartel,United States,Mexico,False,3,"['Beltrán-Leyva Organization', 'Juárez Cartel', 'Los Zetas']",['Juárez Cartel']
Juárez Cartel,South Pacific Cartel,Mexico,Mexico,True,3,"['Beltrán-Leyva Organization', 'Los Mazatlecos', 'Los Zetas']",['Los Zetas']
Los Negros,Mexikanemi,Mexico,United States,False,3,"['Juárez Cartel', 'Los Zetas', 'Mexican Mafia']",['Los Zetas']
'Ndrangheta,Clan Lubrano-Ligato,Italy,Italy,True,3,"['Banda della Magliana', 'Corleonesi', 'Polverino clan']",[]
Camorra,Cuntrera-Caruana Mafia clan,Italy,Italy,True,3,"[""'Ndrangheta"", 'Cali Cartel', 'Corleonesi']",[]
Clan Lubrano-Ligato,Sicilian Mafia,Italy,Italy,True,3,"['Banda della Magliana', 'Corleonesi', 'Polverino clan']",['Corleonesi']
'Ndrina De Stefano,Clan dei Casamonica,Italy,Italy,True,3,"[""'Ndrina Alvaro"", 'Banda della Magliana', 'Camorra']",[]
'Ndrina De Stefano,Società foggiana,Italy,Italy,True,3,"['Banda della Magliana', 'Camorra', 'Nuova Camorra Organizzata']",['Camorra']
American Mafia,Clan Cappello,United States,Italy,False,3,"[""'Ndrangheta"", 'Camorra', 'Stidda']",['Stidda']
Clan Cappello,Corleonesi,Italy,Italy,True,3,"[""'Ndrangheta"", 'Alfieri clan', 'Camorra']",[]
Clan Cappello,Società foggiana,Italy,Italy,True,3,"[""'Ndrangheta"", ""'Ndrina Trovato"", 'Camorra']",['Camorra']
Clan dei Casamonica,Sicilian Mafia,Italy,Italy,True,3,"[""'Ndrangheta"", 'Banda della Magliana', 'Camorra']","[""'Ndrangheta""]"
Clan dei Casamonica,Società foggiana,Italy,Italy,True,3,"[""'Ndrangheta"", 'Banda della Magliana', 'Camorra']",['Camorra']
Corleonesi,Società foggiana,Italy,Italy,True,3,"[""'Ndrangheta"", 'Camorra', 'Clan Gionta']",['Camorra']
'Ndrina Mammoliti,'Ndrina Pesce,Italy,Italy,True,3,"[""'Ndrina Mazzaferro"", ""'Ndrina Piromalli"", 'Basilischi']","[""'Ndrina Piromalli""]"
Banda della Magliana,Clan dei Casalesi,Italy,Italy,True,3,"[""'Ndrangheta"", 'Nuova Camorra Organizzata', 'Società foggiana']",['Nuova Camorra Organizzata']
Clan Licciardi,Sacra Corona Unita,Italy,Italy,True,3,"[""'Ndrangheta"", 'Clan Di Lauro', 'Polverino clan']",[]
American Mafia,Ñetas,United States,Puerto Rico,False,3,"['Big Circle Gang', 'Latin Kings', 'Martinez Familia Sangeros']",['Latin Kings']
'Ndrina Mammoliti,Banda della Magliana,Italy,Italy,True,3,"[""'Ndrina De Stefano"", ""'Ndrina Romeo"", 'Nuova Camorra Organizzata']","[""'Ndrina De Stefano""]"
'Ndrina Giuliano,Clan Fabbrocino,Italy,Italy,True,3,"['Clan Mazzarella', 'Clan Nuvoletta', 'Nuova Famiglia']",['Clan Mazzarella']
Clan Fabbrocino,Clan Misso,Italy,Italy,True,3,"['Clan Mazzarella', 'Clan Russo dei Quartieri Spagnoli', 'Nuova Famiglia']",['Clan Russo dei Quartieri Spagnoli']
'Ndrina Ierinò,Los Zetas,Italy,Mexico,False,3,"[""Aquino 'ndrina"", ""Commisso 'ndrina"", 'Gulf Cartel']",['Gulf Cartel']
Juárez Cartel,Martinez Familia Sangeros,Mexico,Puerto Rico,False,3,"['Cali Cartel', 'Guadalajara Cartel', 'Gulf Cartel']",['Gulf Cartel']
Martinez Familia Sangeros,Tijuana Cartel,Puerto Rico,Mexico,False,3,"['Cali Cartel', 'Guadalajara Cartel', 'Gulf Cartel']",['Gulf Cartel']
116th Street Crew,Detroit Partnership,United States,United States,True,3,"['Bonanno crime family', 'Colombo crime family', 'Gambino crime family']",[]
116th Street Crew,Lucchese crime family Brooklyn faction,United States,United States,True,3,"['Bonanno crime family', 'Colombo crime family', 'Gambino crime family']",[]
116th Street Crew,Patriarca crime family,United States,United States,True,3,"['Bonanno crime family', 'Colombo crime family', 'Gambino crime family']",[]
116th Street Crew,Philadelphia crime family,United States,United States,True,3,"['Bonanno crime family', 'Gambino crime family', 'Lucchese crime family']",['Gambino crime family']
116th Street Crew,Trafficante crime family,United States,United States,True,3,"['Bonanno crime family', 'Gambino crime family', 'Lucchese crime family']",[]
Aryan Brotherhood,Bonanno crime family,United States,United States,True,3,"['Chicago Outfit', 'Gambino crime family', 'Philadelphia crime family']",['Gambino crime family']
Aryan Brotherhood,Detroit Partnership,United States,United States,True,3,"['Chicago Outfit', 'Gambino crime family', 'Philadelphia crime family']",[]
Aryan Brotherhood,Lucchese crime family,United States,United States,True,3,"['Chicago Outfit', 'Gambino crime family', 'Philadelphia crime family']",['Gambino crime family']
Aryan Brotherhood,New Orleans crime family,United States,United States,True,3,"['Chicago Outfit', 'Gambino crime family', 'Philadelphia crime family']",['Chicago Outfit']
Chicago Outfit,Latin Kings,United States,United States,True,3,"['Almighty Black P. Stone Nation', 'Gambino crime family', 'Genovese crime family']",[]
Chicago Outfit,Mexican Mafia,United States,United States,True,3,"['Aryan Brotherhood', 'Gambino crime family', 'Los Angeles crime family']",['Aryan Brotherhood']
DeCavalcante crime family,Pagan's Motorcycle Club,United States,United States,True,3,"['Gambino crime family', 'Genovese crime family', 'Philadelphia crime family']",['Gambino crime family']
Detroit Partnership,Greenwich Village Crew,United States,United States,True,3,"['Bonanno crime family', 'Colombo crime family', 'Gambino crime family']",[]
Detroit Partnership,Mexican Mafia,United States,United States,True,3,"['Chaldean mafia', 'Gambino crime family', 'Los Angeles crime family']",[]
Greenwich Village Crew,Lucchese crime family Brooklyn faction,United States,United States,True,3,"['Bonanno crime family', 'Colombo crime family', 'Gambino crime family']",[]
Greenwich Village Crew,Patriarca crime family,United States,United States,True,3,"['Bonanno crime family', 'Colombo crime family', 'Gambino crime family']",[]
Greenwich Village Crew,Philadelphia crime family,United States,United States,True,3,"['Bonanno crime family', 'Gambino crime family', 'Lucchese crime family']",['Gambino crime family']
Greenwich Village Crew,Trafficante crime family,United States,United States,True,3,"['Bonanno crime family', 'Gambino crime family', 'Lucchese crime family']",[]
Los Angeles crime family,Lucchese crime family Brooklyn faction,United States,United States,True,3,"['Colombo crime family', 'Gambino crime family', 'Genovese crime family']",[]
Los Angeles crime family,Nazi Lowriders,United States,United States,True,3,"['Gambino crime family', 'Hells Angels Motorcycle Club', 'Mexican Mafia']",[]
Los Angeles crime family,Sicilian Mafia,United States,Italy,False,3,"['Buffalo crime family', 'Detroit Partnership', 'Gambino crime family']",['Buffalo crime family']
Lucchese crime family Brooklyn faction,Trafficante crime family,United States,United States,True,3,"['Bonanno crime family', 'Gambino crime family', 'Genovese crime family']",[]
Mexican Mafia,Patriarca crime family,United States,United States,True,3,"['Gambino crime family', 'Hells Angels Motorcycle Club', 'Los Angeles crime family']",['Hells Angels Motorcycle Club']
Nazi Lowriders,Pagan's Motorcycle Club,United States,United States,True,3,"['Gambino crime family', 'Mongols MC', 'Philadelphia crime family']",[]
Nazi Lowriders,Patriarca crime family,United States,United States,True,3,"['Gambino crime family', 'Hells Angels Motorcycle Club', 'Philadelphia crime family']",[]
New Orleans crime family,Sicilian Mafia,United States,Italy,False,3,"['Buffalo crime family', 'Detroit Partnership', 'Gambino crime family']",[]
Pagan's Motorcycle Club,Patriarca crime family,United States,United States,True,3,"['Gambino crime family', 'Genovese crime family', 'Philadelphia crime family']",[]
Pagan's Motorcycle Club,Trafficante crime family,United States,United States,True,3,"['Gambino crime family', 'Genovese crime family', 'Pittsburgh crime family']",[]
Patriarca crime family,Sicilian Mafia,United States,Italy,False,3,"['Bonanno crime family', 'Detroit Partnership', 'Gambino crime family']",[]
Philadelphia crime family,Sicilian Mafia,United States,Italy,False,3,"['Bonanno crime family', 'Detroit Partnership', 'Gambino crime family']",['Gambino crime family']
Sicilian Mafia,Trafficante crime family,Italy,United States,False,3,"['Bonanno crime family', 'Detroit Partnership', 'Gambino crime family']",[]
American Mafia,Musitano crime family,United States,Canada,False,3,"['Hells Angels Motorcycle Club', 'Siderno Group', 'West End Gang']",['Siderno Group']
American Mafia,Nazi Lowriders,United States,United States,True,3,"['Aryan Brotherhood', 'Hells Angels Motorcycle Club', 'Mexican Mafia']",[]
Brothers Keepers,Rizzuto crime family,Canada,Canada,True,3,"['Hells Angels Motorcycle Club', 'Independent Soldiers', 'Wolfpack Alliance']",[]
Bufalino crime family,San Jose crime family,United States,United States,True,3,"['Hells Angels Motorcycle Club', 'Los Angeles crime family', 'Pittsburgh crime family']",[]
Cotroni crime family,Musitano crime family,Canada,Canada,True,3,"['Hells Angels Motorcycle Club', 'Siderno Group', 'West End Gang']",['Siderno Group']
Kinahan Organised Crime Group,Satan's Choice Motorcycle Club,Ireland,Canada,False,3,"[""'Ndrangheta"", 'Chosen Few Motorcycle Club', 'Hells Angels Motorcycle Club']",['Hells Angels Motorcycle Club']
Musitano crime family,Sinaloa Cartel,Canada,Mexico,False,3,"['Hells Angels Motorcycle Club', 'Independent Soldiers', 'West End Gang']",['Independent Soldiers']
Redd Alert,Wolfpack Alliance,Canada,Canada,True,3,"['Brothers Keepers', 'Hells Angels Motorcycle Club', 'Independent Soldiers']",[]
Rizzuto crime family,Satan's Choice Motorcycle Club,Canada,Canada,True,3,"[""'Ndrangheta"", 'Hells Angels Motorcycle Club', 'West End Gang']",['Hells Angels Motorcycle Club']
Satan's Choice Motorcycle Club,Sinaloa Cartel,Canada,Mexico,False,3,"[""'Ndrangheta"", 'Hells Angels Motorcycle Club', 'West End Gang']",['Hells Angels Motorcycle Club']
Clan dei Casamonica,Nuova Camorra Organizzata,Italy,Italy,True,3,"[""'Ndrangheta"", ""'Ndrina Piromalli"", 'Banda della Magliana']",[]
Basilischi,Clan dei Casalesi,Italy,Italy,True,3,"[""'Ndrangheta"", ""'Ndrina Morabito"", ""'Ndrina Pesce""]",[]
Big Circle Gang,Gulf Cartel,China,Mexico,False,3,"[""'Ndrangheta"", 'Cali Cartel', 'Mara Salvatrucha']",[]
Capriati clan,Clan dei Casalesi,Italy,Italy,True,3,"[""'Ndrangheta"", ""'Ndrina Bellocco"", ""'Ndrina Piromalli""]",[]
Clan Cappello,Clan Licciardi,Italy,Italy,True,3,"[""'Ndrangheta"", ""'Ndrina Giuliano"", 'Mallardo clan']","[""'Ndrina Giuliano""]"
Gambino crime family,Gulf Cartel,United States,Mexico,False,3,"[""'Ndrangheta"", 'Latin Kings', 'Mexican Mafia']",[]
American Mafia,Pittsburgh crime family,United States,United States,True,3,"['Cleveland crime family', 'Outlaws Motorcycle Club', ""Pagan's Motorcycle Club""]",['Cleveland crime family']
Rock Machine Motorcycle Club,Satan's Choice Motorcycle Club,Canada,Canada,True,3,"[""Devil's Disciples Motorcycle Club (Canada)"", 'Outlaws Motorcycle Club', 'West End Gang']",['Outlaws Motorcycle Club']
Bufalino crime family,Kansas City crime family,United States,United States,True,3,"['Cleveland crime family', 'Los Angeles crime family', 'Pittsburgh crime family']",[]
DeCavalcante crime family,Pittsburgh crime family,United States,United States,True,3,"['Cleveland crime family', 'Genovese crime family', 'Philadelphia crime family']",['Cleveland crime family']
Gambino crime family,St. Louis crime family,United States,United States,True,3,"['Chicago Outfit', 'Cleveland crime family', 'Detroit Partnership']",[]
Genovese crime family,St. Louis crime family,United States,United States,True,3,"['Chicago Outfit', 'Cleveland crime family', 'Detroit Partnership']",[]
Los Angeles crime family,Milwaukee crime family,United States,United States,True,3,"['Chicago Outfit', 'Cleveland crime family', 'Kansas City crime family']",['Chicago Outfit']
Milwaukee crime family,New Orleans crime family,United States,United States,True,3,"['Chicago Outfit', 'Cleveland crime family', 'Kansas City crime family']",['Chicago Outfit']
Almighty Black P. Stone Nation,Almighty Gaylords Nation,United States,United States,True,3,"['Almighty Vice Lord Nation', 'Latin Kings', 'People Nation']",[]
Almighty Black P. Stone Nation,Gambino crime family,United States,United States,True,3,"['Bloods', 'Chicago Outfit', 'Latin Kings']",[]
Almighty Black P. Stone Nation,Nuestra Familia,United States,United States,True,3,"['Black Guerrilla Family', 'Bloods', 'Latin Kings']",[]
Almighty Gaylords Nation,Bloods,United States,United States,True,3,"['Almighty Vice Lord Nation', 'Latin Kings', 'People Nation']",[]
Almighty Gaylords Nation,Four Corner Hustlers,United States,United States,True,3,"['Almighty Vice Lord Nation', 'Latin Kings', 'People Nation']",[]
American Mafia,Norteños,United States,United States,True,3,"['Bloods', 'Crips', 'Latin Kings']",[]
American Mafia,Nuestra Familia,United States,United States,True,3,"['Bloods', 'Crips', 'Latin Kings']",[]
Gambino crime family,Norteños,United States,United States,True,3,"['Bloods', 'Crips', 'Latin Kings']",[]
Gambino crime family,Nuestra Familia,United States,United States,True,3,"['Bloods', 'Crips', 'Latin Kings']",[]
Nuestra Familia,People Nation,United States,United States,True,3,"['Bloods', 'Latin Kings', 'Norteños']",[]
38th Street Gang,Venice 13,United States,United States,True,3,"['18th Street Gang', 'Lennox 13', 'Mexican Mafia']",['18th Street Gang']
Black Guerrilla Family,Zoe Pound,United States,United States,True,3,"['Bloods', 'Crips', 'OutLaw Gangster Disciples']",[]
Bloods,OutLaw Gangster Disciples,United States,United States,True,3,"['Black Guerrilla Family', 'Crips', 'Zoe Pound']",['Crips']
Kumi 415,Norteños,United States,United States,True,3,"['Black Guerrilla Family', 'Bloods', 'Crips']",[]
Kumi 415,Nuestra Familia,United States,United States,True,3,"['Black Guerrilla Family', 'Bloods', 'Crips']",[]
Almighty Black P. Stone Nation,Native Mob,United States,United States,True,3,"['Almighty Vice Lord Nation', 'Bloods', 'People Nation']",[]
Black Guerrilla Family,People Nation,United States,United States,True,3,"['Almighty Black P. Stone Nation', 'Bloods', 'Norteños']",[]
Latin Kings,Native Mob,United States,United States,True,3,"['Almighty Vice Lord Nation', 'Bloods', 'People Nation']",[]
Alfieri clan,Clan Fabbrocino,Italy,Italy,True,3,"['Clan Cava', 'Clan Nuvoletta', 'Nuova Famiglia']",['Clan Nuvoletta']
Alfieri clan,Contini clan,Italy,Italy,True,3,"['Cesarano clan', 'Moccia clan', 'Nuova Famiglia']",['Moccia clan']
Clan Cava,Clan Galasso di Poggiomarino,Italy,Italy,True,3,"['Alfieri clan', 'Moccia clan', 'Nuova Famiglia']",['Alfieri clan']
Clan D'Alessandro,Clan dei Casalesi,Italy,Italy,True,3,"[""'Ndrina Bellocco"", ""'Ndrina Pesce"", 'Nuova Famiglia']",['Nuova Famiglia']
Clan D'Alessandro,Contini clan,Italy,Italy,True,3,"['Cesarano clan', 'Clan Di Lauro', 'Nuova Famiglia']",[]
Clan Fabbrocino,Moccia clan,Italy,Italy,True,3,"['Clan Cava', 'Clan Russo dei Quartieri Spagnoli', 'Nuova Famiglia']",['Clan Russo dei Quartieri Spagnoli']
Clan Fabbrocino,Vollaro clan,Italy,Italy,True,3,"['Clan Ascione', 'Clan Nuvoletta', 'Nuova Famiglia']",[]
Clan Galasso di Poggiomarino,Contini clan,Italy,Italy,True,3,"['Cesarano clan', 'Moccia clan', 'Nuova Famiglia']",[]
Sinaloa Cartel,Tambovskaya Bratva,Mexico,Russia,False,3,"['Cali Cartel', 'Chechen mafia', 'Yakuza']",[]
Hells Angels Motorcycle Club,Winter Hill Gang,United States,United States,True,3,"['Genovese crime family', 'Patriarca crime family', 'West End Gang']",['Patriarca crime family']
Latin Kings,Mongols MC,United States,United States,True,3,"['Norteños', 'Nuestra Familia', ""Pagan's Motorcycle Club""]",['Norteños']
'Ndrina Barbaro,'Ndrina De Stefano,Italy,Italy,True,3,"[""'Ndrina Cataldo"", ""'Ndrina Mancuso"", ""'Ndrina Mazzaferro""]",[]
'Ndrina Mazzaferro,'Ndrina Papalia,Italy,Italy,True,3,"[""'Ndrina Barbaro"", ""'Ndrina Mancuso"", ""'Ndrina Ursino""]",[]
'Ndrina Mazzaferro,Clan dei Casalesi,Italy,Italy,True,3,"[""'Ndrina Mancuso"", ""'Ndrina Morabito"", ""'Ndrina Pesce""]",[]
'Ndrina Piromalli,'Ndrina Varone,Italy,,,3,"[""'Ndrina Bellocco"", ""'Ndrina Mammoliti"", ""'Ndrina Mancuso""]","[""'Ndrina Mammoliti""]"
Albanese-Cutellè-Tassone,Clan dei Casalesi,,Italy,,3,"[""'Ndrina Mancuso"", ""'Ndrina Pesce"", ""'Ndrina Piromalli""]",[]
Juárez Cartel,Los Pepes,Mexico,Colombia,False,3,"['Cali Cartel', 'Cartel de Medellín', 'Cartel del Norte del Valle']",['Cartel de Medellín']
'Ndrina Codispoti,'Ndrina Mammoliti,Italy,Italy,True,3,"[""'Ndrina De Stefano"", ""'Ndrina La Maggiore"", ""'Ndrina Romeo""]","[""'Ndrina De Stefano""]"
'Ndrina Giorgi,'Ndrina Mammoliti,Italy,Italy,True,3,"[""'Ndrina La Maggiore"", ""'Ndrina Romeo"", ""'Ndrina Strangio""]",[]
'Ndrina Alvaro,'Ndrina Rosmini,Italy,Italy,True,3,"[""'Ndrina De Stefano"", ""'Ndrina Imerti"", ""'Ndrina Serraino""]","[""'Ndrina De Stefano""]"
'Ndrina Libri,'Ndrina Rosmini,Italy,Italy,True,3,"[""'Ndrina Condello"", ""'Ndrina De Stefano"", ""Latella 'ndrina""]","[""'Ndrina De Stefano""]"
'Ndrina Mazzaferro,Camorra,Italy,Italy,True,3,"[""'Ndrina Bruzzaniti"", ""'Ndrina De Stefano"", ""'Ndrina Morabito""]",[]
'Ndrina Bruzzaniti,'Ndrina Lo Presti,Italy,Italy,True,3,"[""'Ndrina Mazzaferro"", ""'Ndrina Morabito"", ""'Ndrina Palamara""]",[]
'Ndrina Lo Presti,'Ndrina Mancuso,Italy,Italy,True,3,"[""'Ndrina Barbaro"", ""'Ndrina Mazzaferro"", ""'Ndrina Morabito""]",[]
'Ndrina Lo Presti,'Ndrina Mandalari,Italy,Italy,True,3,"[""'Ndrina Morabito"", ""'Ndrina Palamara"", ""Commisso 'ndrina""]",[]
'Ndrina Mazzaferro,'Ndrina Palamara,Italy,Italy,True,3,"[""'Ndrina Bruzzaniti"", ""'Ndrina Lo Presti"", ""'Ndrina Morabito""]",[]
'Ndrina Mazzaferro,Basilischi,Italy,Italy,True,3,"[""'Ndrina Mammoliti"", ""'Ndrina Morabito"", ""'Ndrina Pesce""]",[]
'Ndrina Palamara,Aquino 'ndrina,Italy,Italy,True,3,"[""'Ndrina Alvaro"", ""'Ndrina Lo Presti"", ""'Ndrina Morabito""]",[]
'Ndrina Alvaro,Gulf Cartel,Italy,Mexico,False,3,"[""'Ndrina Pesce"", ""Aquino 'ndrina"", ""Commisso 'ndrina""]",[]
'Ndrina Cataldo,Gulf Cartel,Italy,Mexico,False,3,"[""'Ndrina Ierinò"", ""'Ndrina Pesce"", ""Commisso 'ndrina""]",[]
'Ndrina Mazzaferro,Gulf Cartel,Italy,Mexico,False,3,"[""'Ndrina Ierinò"", ""'Ndrina Pesce"", ""Commisso 'ndrina""]","[""'Ndrina Ierinò""]"
'Ndrina Molè,'Ndrina Serraino,Italy,Italy,True,3,"[""'Ndrina Alvaro"", ""'Ndrina Pesce"", ""'Ndrina Piromalli""]",[]
'Ndrina Molè,Clan dei Casalesi,Italy,Italy,True,3,"[""'Ndrina Bellocco"", ""'Ndrina Pesce"", ""'Ndrina Piromalli""]",[]
'Ndrina Piromalli,Basilischi,Italy,Italy,True,3,"[""'Ndrina Mammoliti"", ""'Ndrina Pesce"", ""'Ndrina Serraino""]","[""'Ndrina Mammoliti""]"
'Ndrina Piromalli,Gulf Cartel,Italy,Mexico,False,3,"[""'Ndrina Pesce"", ""Aquino 'ndrina"", ""Commisso 'ndrina""]","[""Commisso 'ndrina""]"
'Ndrina Serraino,Aquino 'ndrina,Italy,Italy,True,3,"[""'Ndrina Alvaro"", ""'Ndrina Pesce"", ""'Ndrina Piromalli""]",[]
'Ndrina Romeo,'Ndrina Strangio,Italy,Italy,True,3,"[""'Ndrina Giorgi"", ""'Ndrina La Maggiore"", ""'Ndrina Mammoliti""]",[]
'Ndrina Imerti,'Ndrina Pesce,Italy,Italy,True,3,"[""'Ndrina Alvaro"", ""'Ndrina Gallico"", ""'Ndrina Serraino""]",[]
Boko Haram,Taliban,Nigeria,Afghanistan,False,3,"['Al-Qaeda', 'Al-Shabaab', 'Islamic State']",['Islamic State']
'Ndrina Alvaro,'Ndrina Mandalari,Italy,Italy,True,3,"[""'Ndrina Molè"", ""'Ndrina Palamara"", ""Commisso 'ndrina""]",[]
'Ndrina Alvaro,'Ndrina Morabito,Italy,Italy,True,3,"[""'Ndrina Lo Presti"", ""'Ndrina Palamara"", ""Aquino 'ndrina""]",[]
Al-Shabaab,Ansaru,Somalia,,,3,"['Al-Qaeda', 'Al-Qaeda in the Islamic Maghreb', 'Boko Haram']",[]
Al-Shabaab,Lashkar-e-Taiba,Somalia,Pakistan,False,3,"['Al-Qaeda', 'Al-Qaeda in the Arabian Peninsula', 'Taliban']",[]
Haqqani network,Lashkar-e-Taiba,,Pakistan,,3,"['Al-Qaeda', 'Islamic State – Khorasan Province', 'Taliban']",[]
Harkat-ul-Jihad al-Islami,Taliban,,Afghanistan,,3,"['Al-Qaeda', 'Lashkar-e-Taiba', 'Tehreek-e-Taliban Pakistan']",['Tehreek-e-Taliban Pakistan']
Tehreek-e-Taliban Pakistan,Turkistan Islamic Party,Pakistan,,,3,"['Al-Nusra Front', 'Al-Qaeda', 'Taliban']",['Taliban']
Cartel del Norte del Valle,Martinez Familia Sangeros,Colombia,Puerto Rico,False,3,"['Cali Cartel', 'Guadalajara Cartel', 'Los Pepes']",['Cali Cartel']
DeCavalcante crime family,Winter Hill Gang,United States,United States,True,3,"['Genovese crime family', 'Patriarca crime family', 'Philadelphia crime family']",['Patriarca crime family']
Detroit Partnership,Winter Hill Gang,United States,United States,True,3,"['Genovese crime family', 'Patriarca crime family', 'Philadelphia crime family']",['Patriarca crime family']
Pittsburgh crime family,San Francisco crime family,United States,United States,True,3,"['Chicago Outfit', 'Detroit Partnership', 'San Jose crime family']",[]
Bufalino crime family,Lucchese crime family,United States,United States,True,3,"['Buffalo crime family', 'Genovese crime family', 'Philadelphia crime family']",['Genovese crime family']
Bufalino crime family,Pagan's Motorcycle Club,United States,United States,True,3,"['Genovese crime family', 'Philadelphia crime family', 'Pittsburgh crime family']",['Genovese crime family']
Bufalino crime family,Trafficante crime family,United States,United States,True,3,"['Detroit Partnership', 'Genovese crime family', 'Pittsburgh crime family']",['Genovese crime family']
Buffalo crime family,Dallas crime family,United States,United States,True,3,"['Chicago Outfit', 'Genovese crime family', 'New Orleans crime family']",['Chicago Outfit']
Buffalo crime family,East Harlem Purple Gang,United States,United States,True,3,"['Bonanno crime family', 'Genovese crime family', 'Lucchese crime family']",['Bonanno crime family']
Buffalo crime family,Lucchese crime family Brooklyn faction,United States,United States,True,3,"['Bonanno crime family', 'Colombo crime family', 'Genovese crime family']",['Bonanno crime family']
Buffalo crime family,Lucchese crime family New Jersey faction,United States,United States,True,3,"['Bonanno crime family', 'Colombo crime family', 'Genovese crime family']",['Bonanno crime family']
Chicago Outfit,East Harlem Purple Gang,United States,United States,True,3,"['Bonanno crime family', 'Genovese crime family', 'Lucchese crime family']",['Bonanno crime family']
Chicago Outfit,Lucchese crime family New Jersey faction,United States,United States,True,3,"['Bonanno crime family', 'Colombo crime family', 'Genovese crime family']",[]
Dallas crime family,Lucchese crime family,United States,United States,True,3,"['Chicago Outfit', 'Genovese crime family', 'Trafficante crime family']",['Genovese crime family']
Dallas crime family,Outlaws Motorcycle Club,United States,United States,True,3,"['Chicago Outfit', 'Genovese crime family', 'New Orleans crime family']",[]
DeCavalcante crime family,East Harlem Purple Gang,United States,United States,True,3,"['Bonanno crime family', 'Genovese crime family', 'Lucchese crime family']",['Bonanno crime family']
East Harlem Purple Gang,Trafficante crime family,United States,United States,True,3,"['Bonanno crime family', 'Genovese crime family', 'Lucchese crime family']",['Bonanno crime family']
Lucchese crime family,Outlaws Motorcycle Club,United States,United States,True,3,"['Buffalo crime family', 'Chicago Outfit', 'Genovese crime family']",['Genovese crime family']
Outlaws Motorcycle Club,Patriarca crime family,United States,United States,True,3,"['Chicago Outfit', 'Detroit Partnership', 'Genovese crime family']",[]
'Ndrina Cataldo,'Ndrina Costa,Italy,Italy,True,3,"[""'Ndrina Ierinò"", ""'Ndrina Mazzaferro"", ""Commisso 'ndrina""]","[""Commisso 'ndrina""]"
'Ndrina Cataldo,'Ndrina Ursino,Italy,Italy,True,3,"[""'Ndrina Cordì"", ""'Ndrina Mazzaferro"", ""Commisso 'ndrina""]","[""'Ndrina Cordì""]"
'Ndrina Cordì,'Ndrina Lo Presti,Italy,Italy,True,3,"[""'Ndrina Cataldo"", ""Aquino 'ndrina"", ""Commisso 'ndrina""]","[""'Ndrina Cataldo""]"
'Ndrina Costa,'Ndrina Lo Presti,Italy,Italy,True,3,"[""'Ndrina Ierinò"", ""'Ndrina Mazzaferro"", ""Commisso 'ndrina""]","[""Commisso 'ndrina""]"
'Ndrina Lo Presti,Gulf Cartel,Italy,Mexico,False,3,"[""'Ndrina Ierinò"", ""Aquino 'ndrina"", ""Commisso 'ndrina""]",[]
Chicago Outfit,Rochester crime family,United States,United States,True,3,"['Bonanno crime family', 'Buffalo crime family', 'Pittsburgh crime family']",['Buffalo crime family']
Detroit Partnership,Rochester crime family,United States,United States,True,3,"['Bonanno crime family', 'Buffalo crime family', 'Pittsburgh crime family']",['Buffalo crime family']
Cleveland crime family,San Francisco crime family,United States,United States,True,3,"['Chicago Outfit', 'Detroit Partnership', 'Los Angeles crime family']",[]
Colombo crime family,Colorado crime family,United States,United States,True,3,"['Bonanno crime family', 'Chicago Outfit', 'Los Angeles crime family']",['Bonanno crime family']
Colombo crime family,San Jose crime family,United States,United States,True,3,"['Bonanno crime family', 'Chicago Outfit', 'Los Angeles crime family']",['Bonanno crime family']
Colorado crime family,Patriarca crime family,United States,United States,True,3,"['Bonanno crime family', 'Chicago Outfit', 'Los Angeles crime family']",[]
Colorado crime family,San Francisco crime family,United States,United States,True,3,"['Bonanno crime family', 'Chicago Outfit', 'Los Angeles crime family']",[]
Colorado crime family,San Jose crime family,United States,United States,True,3,"['Bonanno crime family', 'Chicago Outfit', 'Los Angeles crime family']",[]
Kansas City crime family,San Francisco crime family,United States,United States,True,3,"['Chicago Outfit', 'Dallas crime family', 'Los Angeles crime family']",[]
New Orleans crime family,San Jose crime family,United States,United States,True,3,"['Chicago Outfit', 'Dallas crime family', 'Los Angeles crime family']",['Chicago Outfit']
Hamas,Islamic Revolutionary Guard Corps,Palestine,,,3,"['Hezbollah', 'Houthis', 'Wagner Group']",['Hezbollah']
Popular Front for the Liberation of Palestine,Sinaloa Cartel,Palestine,Mexico,False,3,"['Hamas', 'Hezbollah', 'Revolutionary Armed Forces of Colombia']",[]
18th Street Gang,Cartel del Norte del Valle,United States,Colombia,False,3,"['Beltrán-Leyva Organization', 'Juárez Cartel', 'Tijuana Cartel']",[]
Independent Cartel of Acapulco,Los Zetas,Mexico,Mexico,True,3,"['Beltrán-Leyva Organization', 'Guerreros Unidos', 'Milenio Cartel']",['Milenio Cartel']
'Ndrina Bellocco,Commisso 'ndrina,Italy,Italy,True,3,"[""'Ndrina Molè"", ""'Ndrina Piromalli"", ""Aquino 'ndrina""]","[""'Ndrina Piromalli""]"
116th Street Crew,Buffalo crime family,United States,United States,True,3,"['Bonanno crime family', 'Colombo crime family', 'Lucchese crime family']",['Bonanno crime family']
Buffalo crime family,Greenwich Village Crew,United States,United States,True,3,"['Bonanno crime family', 'Colombo crime family', 'Lucchese crime family']",['Bonanno crime family']
Colorado crime family,Trafficante crime family,United States,United States,True,3,"['Bonanno crime family', 'Chicago Outfit', 'New Orleans crime family']",[]
'Ndrina Barbaro,'Ndrina Grande Aracri,Italy,Italy,True,3,"[""'Ndrina Arena"", ""'Ndrina Nicoscia"", ""'Ndrina Pelle""]","[""'Ndrina Arena""]"
'Ndrina Cataldo,'Ndrina Papalia,Italy,Italy,True,3,"[""'Ndrina Barbaro"", ""'Ndrina Marando"", ""Sergi 'ndrina""]",[]
'Ndrina Cataldo,Trimboli 'ndrina,Italy,Italy,True,3,"[""'Ndrina Barbaro"", ""'Ndrina Marando"", ""Sergi 'ndrina""]",[]
'Ndrina Arena,'Ndrina Bubbo,Italy,Italy,True,3,"[""'Ndrina Barbaro"", ""'Ndrina Nicoscia"", ""'Ndrina Paparo""]","[""'Ndrina Nicoscia""]"
'Ndrina Marando,'Ndrina Trovato,Italy,Italy,True,3,"[""'Ndrina Barbaro"", ""'Ndrina Papalia"", ""Sergi 'ndrina""]",[]
'Ndrina Trovato,Molluso 'ndrina,Italy,Italy,True,3,"[""'Ndrina Barbaro"", ""'Ndrina Papalia"", ""Sergi 'ndrina""]",[]
'Ndrina Trovato,Trimboli 'ndrina,Italy,Italy,True,3,"[""'Ndrina Barbaro"", ""'Ndrina Papalia"", ""Sergi 'ndrina""]",[]
'Ndrina Belfiore,Aquino 'ndrina,Italy,Italy,True,3,"[""'Ndrina Lo Presti"", ""'Ndrina Piromalli"", ""'Ndrina Ursino""]",[]
'Ndrina Belfiore,Commisso 'ndrina,Italy,Italy,True,3,"[""'Ndrina Lo Presti"", ""'Ndrina Piromalli"", ""'Ndrina Ursino""]","[""'Ndrina Piromalli""]"
'Ndrina Costa,'Ndrina Pesce,Italy,Italy,True,3,"[""'Ndrina Ierinò"", ""'Ndrina Mazzaferro"", ""'Ndrina Piromalli""]",[]
'Ndrina Pesce,Clan dei Casamonica,Italy,Italy,True,3,"[""'Ndrina Alvaro"", ""'Ndrina Molè"", ""'Ndrina Piromalli""]",[]
'Ndrina Barbaro,'Ndrina Ierinò,Italy,Italy,True,3,"[""'Ndrina Cataldo"", ""'Ndrina Lo Presti"", ""'Ndrina Mazzaferro""]","[""'Ndrina Mazzaferro""]"
'Ndrina Barbaro,Commisso 'ndrina,Italy,Italy,True,3,"[""'Ndrina Cataldo"", ""'Ndrina Lo Presti"", ""'Ndrina Mazzaferro""]",[]
'Ndrina Palamara,Commisso 'ndrina,Italy,Italy,True,3,"[""'Ndrina Alvaro"", ""'Ndrina Lo Presti"", ""'Ndrina Mandalari""]",[]
'Ndrina Condello,Latella 'ndrina,Italy,Italy,True,3,"[""'Ndrina Barreca"", ""'Ndrina Libri"", ""'Ndrina Rosmini""]","[""'Ndrina Barreca""]"
'Ndrina Morabito,'Ndrina Romeo,Italy,Italy,True,3,"[""'Ndrina Codispoti"", ""'Ndrina Giorgi"", ""'Ndrina Mandalari""]",[]
Cesarano clan,Clan Di Lauro,Italy,Italy,True,3,"[""Clan D'Alessandro"", 'Contini clan', 'Mallardo clan']",[]
Aprea-Cuccaro clan,Clan Marfella,Italy,,,3,"['Clan De Luca Bossa', 'Clan Sarno', 'Secondigliano Alliance']",['Clan Sarno']
Clan Di Lauro,Rinaldi clan,Italy,Italy,True,3,"[""'Ndrina Giuliano"", 'Contini clan', 'Secondigliano Alliance']",[]
Clan Licciardi,Rinaldi clan,Italy,Italy,True,3,"[""'Ndrina Giuliano"", 'Contini clan', 'Secondigliano Alliance']","[""'Ndrina Giuliano""]"
'Ndrina Giglio,'Ndrina Pane,Italy,Italy,True,3,"[""'Ndrina Farao-Marincola"", ""'Ndrina Grande Aracri"", ""'Ndrina Mannolo""]",[]
Colorado crime family,Dallas crime family,United States,United States,True,3,"['Chicago Outfit', 'Kansas City crime family', 'New Orleans crime family']",[]
Kansas City crime family,Outlaws Motorcycle Club,United States,United States,True,3,"['Chicago Outfit', 'New Orleans crime family', 'Pittsburgh crime family']",[]
Bonanno crime family,Kansas City crime family,United States,United States,True,3,"['Chicago Outfit', 'Colorado crime family', 'Milwaukee crime family']",[]
Bloods,Mickey Cobras,United States,United States,True,3,"['Almighty Black P. Stone Nation', 'Almighty Vice Lord Nation', 'People Nation']",['Almighty Vice Lord Nation']
Four Corner Hustlers,Mickey Cobras,United States,United States,True,3,"['Almighty Black P. Stone Nation', 'Almighty Vice Lord Nation', 'People Nation']",['Almighty Vice Lord Nation']
Latin Kings,Mickey Cobras,United States,United States,True,3,"['Almighty Black P. Stone Nation', 'Almighty Vice Lord Nation', 'People Nation']",['Almighty Vice Lord Nation']
Asano-gumi,Shinwa-kai,Japan,Japan,True,3,"['Goda-ikka', 'Kyodo-kai', 'Kyosei-kai']",['Kyodo-kai']
Chichesters,Shirt Tails,United States,United States,True,3,"['Dead Rabbits', 'Forty Thieves', 'Kerryonians']",[]
Forty Elephants,Forty Thieves,United Kingdom,United States,False,3,"['Dead Rabbits', 'Kerryonians', 'Shirt Tails']",[]
Campanella Park Piru,Elm Street Piru,,United States,,3,"['Cedar Block Piru', 'Fruit Town Piru', 'Tree Top Piru']",[]
Campanella Park Piru,West Side Piru,,,,3,"['Cedar Block Piru', 'Fruit Town Piru', 'Tree Top Piru']",[]
Elm Street Piru,West Side Piru,United States,,,3,"['Cedar Block Piru', 'Fruit Town Piru', 'Tree Top Piru']",[]
